{
    "root_group": {
        "path": "",
        "id": "d41d8cd98f00b204e9800998ecf8427e",
        "groups": {},
        "checks": {
                "GET /orders?user_id 200": {
                    "id": "ab0b46c92b84870e38e5a604ac36187b",
                    "passes": 3508,
                    "fails": 0,
                    "name": "GET /orders?user_id 200",
                    "path": "::GET /orders?user_id 200"
                },
                "GET /orders/:id 200": {
                    "name": "GET /orders/:id 200",
                    "path": "::GET /orders/:id 200",
                    "id": "ca384c3a859ffb946ea1d7d59aff1eec",
                    "passes": 5878,
                    "fails": 0
                },
                "POST /orders 201": {
                    "id": "4b499a5302314fdd343249234e5fd479",
                    "passes": 2255,
                    "fails": 0,
                    "name": "POST /orders 201",
                    "path": "::POST /orders 201"
                }
            },
        "name": ""
    },
    "metrics": {
        "http_req_connecting": {
            "avg": 0.00029189932136414393,
            "min": 0,
            "med": 0,
            "max": 0.572,
            "p(90)": 0,
            "p(95)": 0
        },
        "http_req_failed": {
            "passes": 0,
            "fails": 11641,
            "value": 0
        },
        "data_sent": {
            "count": 1205373,
            "rate": 24106.963878683375
        },
        "iterations": {
            "count": 11641,
            "rate": 232.8152086630057
        },
        "http_reqs": {
            "count": 11641,
            "rate": 232.8152086630057
        },
        "http_req_sending": {
            "med": 0.013,
            "max": 2.016,
            "p(90)": 0.027,
            "p(95)": 0.035,
            "avg": 0.01749299888325696,
            "min": 0.001
        },
        "http_req_tls_handshaking": {
            "p(90)": 0,
            "p(95)": 0,
            "avg": 0,
            "min": 0,
            "med": 0,
            "max": 0
        },
        "vus": {
            "value": 1,
            "min": 0,
            "max": 10
        },
        "http_req_waiting": {
            "min": 2.24,
            "med": 8.645,
            "max": 603.464,
            "p(90)": 86.612,
            "p(95)": 90.525,
            "avg": 34.11690000859041
        },
        "http_req_blocked": {
            "p(95)": 0.009,
            "avg": 0.00555424791684582,
            "min": 0,
            "med": 0.003,
            "max": 4.191,
            "p(90)": 0.006
        },
        "data_received": {
            "count": 12797405,
            "rate": 255942.8326965031
        },
        "success_total": {
            "rate": 232.8152086630057,
            "count": 11641
        },
        "vus_max": {
            "value": 10,
            "min": 10,
            "max": 10
        },
        "checks": {
            "passes": 11641,
            "fails": 0,
            "value": 1
        },
        "http_req_receiving": {
            "p(90)": 0.094,
            "p(95)": 0.128,
            "avg": 0.05460553217077526,
            "min": 0.007,
            "med": 0.04,
            "max": 2.075
        },
        "iteration_duration": {
            "avg": 34.34560418709717,
            "min": 2.290292,
            "med": 8.871459,
            "max": 603.655417,
            "p(90)": 86.901292,
            "p(95)": 90.767167
        },
        "http_req_duration": {
            "min": 2.26,
            "med": 8.711,
            "max": 603.524,
            "p(90)": 86.718,
            "p(95)": 90.611,
            "avg": 34.1889985396445
        },
        "http_req_duration{expected_response:true}": {
            "med": 8.711,
            "max": 603.524,
            "p(90)": 86.718,
            "p(95)": 90.611,
            "avg": 34.1889985396445,
            "min": 2.26
        }
    }
}