{
    "root_group": {
        "path": "",
        "id": "d41d8cd98f00b204e9800998ecf8427e",
        "groups": {},
        "checks": {
                "GET /orders/:id 200": {
                    "id": "ca384c3a859ffb946ea1d7d59aff1eec",
                    "passes": 7163,
                    "fails": 0,
                    "name": "GET /orders/:id 200",
                    "path": "::GET /orders/:id 200"
                },
                "GET /orders?user_id 200": {
                    "name": "GET /orders?user_id 200",
                    "path": "::GET /orders?user_id 200",
                    "id": "ab0b46c92b84870e38e5a604ac36187b",
                    "passes": 4339,
                    "fails": 0
                },
                "POST /orders 201": {
                    "passes": 2786,
                    "fails": 0,
                    "name": "POST /orders 201",
                    "path": "::POST /orders 201",
                    "id": "4b499a5302314fdd343249234e5fd479"
                }
            },
        "name": ""
    },
    "metrics": {
        "vus_max": {
            "value": 50,
            "min": 50,
            "max": 50
        },
        "data_received": {
            "count": 15797857,
            "rate": 315932.78158253996
        },
        "http_req_receiving": {
            "p(90)": 0.105,
            "p(95)": 0.14664999999999936,
            "avg": 0.06510953247480335,
            "min": 0.007,
            "med": 0.043,
            "max": 7.417
        },
        "http_req_sending": {
            "p(95)": 0.037,
            "avg": 0.019918812989920685,
            "min": 0.002,
            "med": 0.013,
            "max": 3.869,
            "p(90)": 0.028
        },
        "success_total": {
            "count": 14288,
            "rate": 285.7379696025436
        },
        "http_req_waiting": {
            "p(95)": 277.52524999999997,
            "avg": 139.97186457166808,
            "min": 2.291,
            "med": 116.31649999999999,
            "max": 488.522,
            "p(90)": 203.7958
        },
        "data_sent": {
            "count": 1481483,
            "rate": 29627.375729331266
        },
        "http_req_duration{expected_response:true}": {
            "avg": 140.0568929171326,
            "min": 2.319,
            "med": 116.39500000000001,
            "max": 488.626,
            "p(90)": 203.877,
            "p(95)": 277.62245
        },
        "http_req_blocked": {
            "min": 0,
            "med": 0.003,
            "max": 1.996,
            "p(90)": 0.007,
            "p(95)": 0.01,
            "avg": 0.007641447368421138
        },
        "http_req_duration": {
            "avg": 140.0568929171326,
            "min": 2.319,
            "med": 116.39500000000001,
            "max": 488.626,
            "p(90)": 203.877,
            "p(95)": 277.62245
        },
        "iterations": {
            "count": 14288,
            "rate": 285.7379696025436
        },
        "http_req_failed": {
            "passes": 0,
            "fails": 14288,
            "value": 0
        },
        "vus": {
            "value": 1,
            "min": 1,
            "max": 50
        },
        "http_req_tls_handshaking": {
            "med": 0,
            "max": 0,
            "p(90)": 0,
            "p(95)": 0,
            "avg": 0,
            "min": 0
        },
        "http_reqs": {
            "count": 14288,
            "rate": 285.7379696025436
        },
        "checks": {
            "passes": 14288,
            "fails": 0,
            "value": 1
        },
        "iteration_duration": {
            "avg": 140.23503560540343,
            "min": 2.375291,
            "med": 116.54191650000001,
            "max": 489.123583,
            "p(90)": 204.06668739999998,
            "p(95)": 277.8909749999999
        },
        "http_req_connecting": {
            "avg": 0.00209273516237402,
            "min": 0,
            "med": 0,
            "max": 1.879,
            "p(90)": 0,
            "p(95)": 0
        }
    }
}