{
    "root_group": {
        "groups": {},
        "checks": {
                "GET /orders?user_id 200": {
                    "name": "GET /orders?user_id 200",
                    "path": "::GET /orders?user_id 200",
                    "id": "ab0b46c92b84870e38e5a604ac36187b",
                    "passes": 4579,
                    "fails": 0
                },
                "GET /orders/:id 200": {
                    "name": "GET /orders/:id 200",
                    "path": "::GET /orders/:id 200",
                    "id": "ca384c3a859ffb946ea1d7d59aff1eec",
                    "passes": 7574,
                    "fails": 0
                },
                "POST /orders 201": {
                    "passes": 3118,
                    "fails": 0,
                    "name": "POST /orders 201",
                    "path": "::POST /orders 201",
                    "id": "4b499a5302314fdd343249234e5fd479"
                }
            },
        "name": "",
        "path": "",
        "id": "d41d8cd98f00b204e9800998ecf8427e"
    },
    "metrics": {
        "http_req_duration{expected_response:true}": {
            "avg": 1324.5983321982849,
            "min": 1.948,
            "med": 1400.016,
            "max": 2601.883,
            "p(90)": 1800.116,
            "p(95)": 1902.0114999999998
        },
        "http_req_connecting": {
            "max": 5.145,
            "p(90)": 0,
            "p(95)": 0,
            "avg": 0.017488049243664473,
            "min": 0,
            "med": 0
        },
        "http_req_receiving": {
            "avg": 0.05204741012376396,
            "min": 0.006,
            "med": 0.028,
            "max": 5.605,
            "p(90)": 0.085,
            "p(95)": 0.141
        },
        "http_req_waiting": {
            "med": 1399.951,
            "max": 2601.849,
            "p(90)": 1800.062,
            "p(95)": 1901.961,
            "avg": 1324.5280975705577,
            "min": 1.913
        },
        "iteration_duration": {
            "p(95)": 1902.2137914999998,
            "avg": 1324.8005703276083,
            "min": 1.990167,
            "med": 1400.202667,
            "max": 2602.076,
            "p(90)": 1800.309542
        },
        "data_received": {
            "count": 15770103,
            "rate": 315125.852190555
        },
        "vus": {
            "value": 3,
            "min": 3,
            "max": 500
        },
        "http_req_failed": {
            "passes": 0,
            "fails": 15271,
            "value": 0
        },
        "success_total": {
            "count": 15271,
            "rate": 305.1525338041207
        },
        "http_req_blocked": {
            "avg": 0.025993582607555146,
            "min": 0,
            "med": 0.003,
            "max": 6.421,
            "p(90)": 0.007,
            "p(95)": 0.018
        },
        "iterations": {
            "count": 15271,
            "rate": 305.1525338041207
        },
        "vus_max": {
            "min": 500,
            "max": 500,
            "value": 500
        },
        "http_req_tls_handshaking": {
            "max": 0,
            "p(90)": 0,
            "p(95)": 0,
            "avg": 0,
            "min": 0,
            "med": 0
        },
        "http_req_sending": {
            "max": 4.136,
            "p(90)": 0.028,
            "p(95)": 0.057,
            "avg": 0.018187217601989592,
            "min": 0.001,
            "med": 0.008
        },
        "checks": {
            "passes": 15271,
            "fails": 0,
            "value": 1
        },
        "http_reqs": {
            "count": 15271,
            "rate": 305.1525338041207
        },
        "http_req_duration": {
            "p(90)": 1800.116,
            "p(95)": 1902.0114999999998,
            "avg": 1324.5983321982849,
            "min": 1.948,
            "med": 1400.016,
            "max": 2601.883
        },
        "data_sent": {
            "rate": 31875.28131592659,
            "count": 1595161
        }
    }
}