{
    "root_group": {
        "name": "",
        "path": "",
        "id": "d41d8cd98f00b204e9800998ecf8427e",
        "groups": {},
        "checks": {
                "GET /orders/:id 200": {
                    "name": "GET /orders/:id 200",
                    "path": "::GET /orders/:id 200",
                    "id": "ca384c3a859ffb946ea1d7d59aff1eec",
                    "passes": 5262,
                    "fails": 0
                },
                "POST /orders 201": {
                    "name": "POST /orders 201",
                    "path": "::POST /orders 201",
                    "id": "4b499a5302314fdd343249234e5fd479",
                    "passes": 2078,
                    "fails": 0
                },
                "GET /orders?user_id 200": {
                    "name": "GET /orders?user_id 200",
                    "path": "::GET /orders?user_id 200",
                    "id": "ab0b46c92b84870e38e5a604ac36187b",
                    "passes": 3164,
                    "fails": 0
                }
            }
    },
    "metrics": {
        "http_reqs": {
            "count": 10504,
            "rate": 209.79591535102318
        },
        "http_req_waiting": {
            "p(95)": 598.3246499999999,
            "avg": 381.9384120335102,
            "min": 1.953,
            "med": 398.9835,
            "max": 995.896,
            "p(90)": 534.3435
        },
        "vus_max": {
            "value": 100,
            "min": 100,
            "max": 100
        },
        "checks": {
            "fails": 0,
            "passes": 10504,
            "value": 1
        },
        "http_req_tls_handshaking": {
            "max": 0,
            "p(90)": 0,
            "p(95)": 0,
            "avg": 0,
            "min": 0,
            "med": 0
        },
        "http_req_connecting": {
            "min": 0,
            "med": 0,
            "max": 2.489,
            "p(90)": 0,
            "p(95)": 0,
            "avg": 0.0044052741812642794
        },
        "http_req_sending": {
            "min": 0.002,
            "med": 0.01,
            "max": 3.68,
            "p(90)": 0.029,
            "p(95)": 0.043,
            "avg": 0.018521706016755263
        },
        "data_sent": {
            "rate": 21801.15905052968,
            "count": 1091534
        },
        "vus": {
            "value": 1,
            "min": 1,
            "max": 100
        },
        "success_total": {
            "count": 10504,
            "rate": 209.79591535102318
        },
        "http_req_failed": {
            "passes": 0,
            "fails": 10504,
            "value": 0
        },
        "iterations": {
            "count": 10504,
            "rate": 209.79591535102318
        },
        "http_req_duration": {
            "avg": 382.01581521325164,
            "min": 1.986,
            "med": 399.06899999999996,
            "max": 995.999,
            "p(90)": 534.403,
            "p(95)": 598.36545
        },
        "http_req_receiving": {
            "max": 10.24,
            "p(90)": 0.111,
            "p(95)": 0.158,
            "avg": 0.05888147372429468,
            "min": 0.006,
            "med": 0.036
        },
        "http_req_blocked": {
            "avg": 0.010936309977151079,
            "min": 0,
            "med": 0.003,
            "max": 2.824,
            "p(90)": 0.008,
            "p(95)": 0.012
        },
        "iteration_duration": {
            "p(90)": 534.6051499,
            "p(95)": 598.5255848500001,
            "avg": 382.20501659472654,
            "min": 2.075333,
            "med": 399.26525000000004,
            "max": 996.2105
        },
        "http_req_duration{expected_response:true}": {
            "p(95)": 598.36545,
            "avg": 382.01581521325164,
            "min": 1.986,
            "med": 399.06899999999996,
            "max": 995.999,
            "p(90)": 534.403
        },
        "data_received": {
            "count": 10881374,
            "rate": 217333.18912860096
        }
    }
}