{
    "root_group": {
        "groups": {},
        "checks": {
                "GET /orders/:id 200": {
                    "name": "GET /orders/:id 200",
                    "path": "::GET /orders/:id 200",
                    "id": "ca384c3a859ffb946ea1d7d59aff1eec",
                    "passes": 3729,
                    "fails": 0
                },
                "GET /orders?user_id 200": {
                    "fails": 0,
                    "name": "GET /orders?user_id 200",
                    "path": "::GET /orders?user_id 200",
                    "id": "ab0b46c92b84870e38e5a604ac36187b",
                    "passes": 2312
                },
                "POST /orders 201": {
                    "name": "POST /orders 201",
                    "path": "::POST /orders 201",
                    "id": "4b499a5302314fdd343249234e5fd479",
                    "passes": 1549,
                    "fails": 0
                }
            },
        "name": "",
        "path": "",
        "id": "d41d8cd98f00b204e9800998ecf8427e"
    },
    "metrics": {
        "http_req_blocked": {
            "p(95)": 0.011,
            "avg": 0.006540843214756463,
            "min": 0,
            "med": 0.003,
            "max": 2.05,
            "p(90)": 0.008
        },
        "iteration_duration": {
            "avg": 52.72029576916993,
            "min": 1.819625,
            "med": 86.8831045,
            "max": 210.2965,
            "p(90)": 99.1933378,
            "p(95)": 101.32232254999998
        },
        "http_req_tls_handshaking": {
            "avg": 0,
            "min": 0,
            "med": 0,
            "max": 0,
            "p(90)": 0,
            "p(95)": 0
        },
        "data_received": {
            "count": 7926858,
            "rate": 158434.31394944285
        },
        "http_req_waiting": {
            "med": 86.60249999999999,
            "max": 209.963,
            "p(90)": 98.88810000000001,
            "p(95)": 100.95409999999998,
            "avg": 52.452680895915734,
            "min": 1.714
        },
        "success_total": {
            "count": 7590,
            "rate": 151.70152447240397
        },
        "http_req_duration{expected_response:true}": {
            "med": 86.688,
            "max": 210.099,
            "p(90)": 98.9714,
            "p(95)": 101.05284999999999,
            "avg": 52.53380013175218,
            "min": 1.749
        },
        "checks": {
            "fails": 0,
            "passes": 7590,
            "value": 1
        },
        "vus_max": {
            "value": 10,
            "min": 10,
            "max": 10
        },
        "iterations": {
            "rate": 151.70152447240397,
            "count": 7590
        },
        "http_reqs": {
            "count": 7590,
            "rate": 151.70152447240397
        },
        "http_req_receiving": {
            "avg": 0.06181752305665316,
            "min": 0.006,
            "med": 0.041,
            "max": 4.089,
            "p(90)": 0.113,
            "p(95)": 0.16154999999999967
        },
        "vus": {
            "value": 1,
            "min": 0,
            "max": 10
        },
        "http_req_duration": {
            "avg": 52.53380013175218,
            "min": 1.749,
            "med": 86.688,
            "max": 210.099,
            "p(90)": 98.9714,
            "p(95)": 101.05284999999999
        },
        "http_req_connecting": {
            "p(90)": 0,
            "p(95)": 0,
            "avg": 0.000613570487483531,
            "min": 0,
            "med": 0,
            "max": 0.598
        },
        "http_req_failed": {
            "passes": 0,
            "fails": 7590,
            "value": 0
        },
        "http_req_sending": {
            "avg": 0.019301712779973775,
            "min": 0.001,
            "med": 0.013,
            "max": 1.523,
            "p(90)": 0.03110000000000017,
            "p(95)": 0.043
        },
        "data_sent": {
            "count": 793331,
            "rate": 15856.327023875721
        }
    }
}