{
    "metrics": {
        "http_req_duration{expected_response:true}": {
            "max": 691.735,
            "p(90)": 400.371,
            "p(95)": 465.35179999999997,
            "avg": 270.1716371239703,
            "min": 2.089,
            "med": 295.908
        },
        "vus_max": {
            "value": 50,
            "min": 50,
            "max": 50
        },
        "checks": {
            "passes": 7413,
            "fails": 0,
            "value": 1
        },
        "http_req_tls_handshaking": {
            "med": 0,
            "max": 0,
            "p(90)": 0,
            "p(95)": 0,
            "avg": 0,
            "min": 0
        },
        "http_req_sending": {
            "p(90)": 0.03,
            "p(95)": 0.042,
            "avg": 0.01843491164171075,
            "min": 0.002,
            "med": 0.012,
            "max": 1.8
        },
        "http_req_waiting": {
            "p(95)": 465.30319999999995,
            "avg": 270.0934844192631,
            "min": 2.046,
            "med": 295.826,
            "max": 691.701,
            "p(90)": 400.3258
        },
        "http_req_duration": {
            "avg": 270.1716371239703,
            "min": 2.089,
            "med": 295.908,
            "max": 691.735,
            "p(90)": 400.371,
            "p(95)": 465.35179999999997
        },
        "http_req_connecting": {
            "avg": 0.00270808039929853,
            "min": 0,
            "med": 0,
            "max": 0.892,
            "p(90)": 0,
            "p(95)": 0
        },
        "iterations": {
            "count": 7413,
            "rate": 148.2430172799404
        },
        "data_received": {
            "rate": 154890.9556921159,
            "count": 7745435
        },
        "http_req_failed": {
            "passes": 0,
            "fails": 7413,
            "value": 0
        },
        "data_sent": {
            "count": 771622,
            "rate": 15430.672262185644
        },
        "iteration_duration": {
            "avg": 270.3687352416026,
            "min": 2.186167,
            "med": 296.065375,
            "max": 691.852334,
            "p(90)": 400.537558,
            "p(95)": 465.51955799999996
        },
        "http_req_blocked": {
            "min": 0,
            "med": 0.003,
            "max": 1.298,
            "p(90)": 0.008,
            "p(95)": 0.011,
            "avg": 0.008779846216107116
        },
        "http_reqs": {
            "count": 7413,
            "rate": 148.2430172799404
        },
        "http_req_receiving": {
            "avg": 0.05971779306623464,
            "min": 0.007,
            "med": 0.039,
            "max": 3.445,
            "p(90)": 0.11,
            "p(95)": 0.148
        },
        "success_total": {
            "count": 7413,
            "rate": 148.2430172799404
        },
        "vus": {
            "value": 1,
            "min": 1,
            "max": 50
        }
    },
    "root_group": {
        "path": "",
        "id": "d41d8cd98f00b204e9800998ecf8427e",
        "groups": {},
        "checks": {
                "POST /orders 201": {
                    "name": "POST /orders 201",
                    "path": "::POST /orders 201",
                    "id": "4b499a5302314fdd343249234e5fd479",
                    "passes": 1477,
                    "fails": 0
                },
                "GET /orders/:id 200": {
                    "name": "GET /orders/:id 200",
                    "path": "::GET /orders/:id 200",
                    "id": "ca384c3a859ffb946ea1d7d59aff1eec",
                    "passes": 3676,
                    "fails": 0
                },
                "GET /orders?user_id 200": {
                    "passes": 2260,
                    "fails": 0,
                    "name": "GET /orders?user_id 200",
                    "path": "::GET /orders?user_id 200",
                    "id": "ab0b46c92b84870e38e5a604ac36187b"
                }
            },
        "name": ""
    }
}