{
    "metrics": {
        "vus_max": {
            "value": 500,
            "min": 500,
            "max": 500
        },
        "http_req_duration": {
            "avg": 30001.737976000004,
            "min": 30000.521,
            "med": 30001.69,
            "max": 30011.084,
            "p(90)": 30002.4314,
            "p(95)": 30002.70725
        },
        "http_req_waiting": {
            "med": 30001.6095,
            "max": 30011.014,
            "p(90)": 30002.301,
            "p(95)": 30002.5888,
            "avg": 30001.64341100001,
            "min": 30000.452
        },
        "http_req_connecting": {
            "avg": 0.44314499999999957,
            "min": 0.156,
            "med": 0.3715,
            "max": 11.982,
            "p(90)": 0.6112000000000001,
            "p(95)": 0.7771499999999999
        },
        "http_req_tls_handshaking": {
            "max": 0,
            "p(90)": 0,
            "p(95)": 0,
            "avg": 0,
            "min": 0,
            "med": 0
        },
        "http_req_failed": {
            "passes": 1000,
            "fails": 0,
            "value": 1
        },
        "data_sent": {
            "rate": 1499.7989783420267,
            "count": 104997
        },
        "iterations": {
            "rate": 14.284207913959701,
            "count": 1000
        },
        "http_req_blocked": {
            "max": 12.165,
            "p(90)": 0.7731,
            "p(95)": 0.9360999999999999,
            "avg": 0.5454399999999995,
            "min": 0.176,
            "med": 0.468
        },
        "http_reqs": {
            "count": 1000,
            "rate": 14.284207913959701
        },
        "fail_total": {
            "count": 1000,
            "rate": 14.284207913959701
        },
        "http_req_sending": {
            "p(95)": 0.19114999999999988,
            "avg": 0.09456500000000016,
            "min": 0.009,
            "med": 0.077,
            "max": 1.845,
            "p(90)": 0.147
        },
        "checks": {
            "passes": 0,
            "fails": 1000,
            "value": 0
        },
        "http_req_receiving": {
            "med": 0,
            "max": 0,
            "p(90)": 0,
            "p(95)": 0,
            "avg": 0,
            "min": 0
        },
        "data_received": {
            "count": 0,
            "rate": 0
        },
        "iteration_duration": {
            "avg": 30003.04308812398,
            "min": 30001.267083,
            "med": 30002.906770499998,
            "max": 30017.047,
            "p(90)": 30004.1348964,
            "p(95)": 30004.58978955
        },
        "vus": {
            "value": 2,
            "min": 2,
            "max": 500
        }
    },
    "root_group": {
        "path": "",
        "id": "d41d8cd98f00b204e9800998ecf8427e",
        "groups": {},
        "checks": {
                "GET /orders?user_id 200": {
                    "id": "ab0b46c92b84870e38e5a604ac36187b",
                    "passes": 0,
                    "fails": 289,
                    "name": "GET /orders?user_id 200",
                    "path": "::GET /orders?user_id 200"
                },
                "GET /orders/:id 200": {
                    "fails": 499,
                    "name": "GET /orders/:id 200",
                    "path": "::GET /orders/:id 200",
                    "id": "ca384c3a859ffb946ea1d7d59aff1eec",
                    "passes": 0
                },
                "POST /orders 201": {
                    "name": "POST /orders 201",
                    "path": "::POST /orders 201",
                    "id": "4b499a5302314fdd343249234e5fd479",
                    "passes": 0,
                    "fails": 212
                }
            },
        "name": ""
    }
}