{
    "root_group": {
        "groups": {},
        "checks": {
                "GET /orders?user_id 200": {
                    "name": "GET /orders?user_id 200",
                    "path": "::GET /orders?user_id 200",
                    "id": "ab0b46c92b84870e38e5a604ac36187b",
                    "passes": 14168,
                    "fails": 0
                },
                "GET /orders/:id 200": {
                    "name": "GET /orders/:id 200",
                    "path": "::GET /orders/:id 200",
                    "id": "ca384c3a859ffb946ea1d7d59aff1eec",
                    "passes": 23535,
                    "fails": 0
                },
                "POST /orders 201": {
                    "name": "POST /orders 201",
                    "path": "::POST /orders 201",
                    "id": "4b499a5302314fdd343249234e5fd479",
                    "passes": 9361,
                    "fails": 0
                }
            },
        "name": "",
        "path": "",
        "id": "d41d8cd98f00b204e9800998ecf8427e"
    },
    "metrics": {
        "http_req_duration{expected_response:true}": {
            "min": 4.509,
            "med": 95.1465,
            "max": 371.31,
            "p(90)": 112.8657,
            "p(95)": 126.95454999999995,
            "avg": 84.87056958609618
        },
        "data_sent": {
            "count": 4894798,
            "rate": 97882.55009063758
        },
        "data_received": {
            "rate": 1026788.6299576958,
            "count": 51346465
        },
        "checks": {
            "passes": 47064,
            "fails": 0,
            "value": 1
        },
        "http_req_tls_handshaking": {
            "min": 0,
            "med": 0,
            "max": 0,
            "p(90)": 0,
            "p(95)": 0,
            "avg": 0
        },
        "http_req_sending": {
            "avg": 0.017456718510961446,
            "min": 0.001,
            "med": 0.011,
            "max": 11.97,
            "p(90)": 0.024,
            "p(95)": 0.033
        },
        "iterations": {
            "count": 47064,
            "rate": 941.1510623044643
        },
        "http_req_duration": {
            "min": 4.509,
            "med": 95.1465,
            "max": 371.31,
            "p(90)": 112.8657,
            "p(95)": 126.95454999999995,
            "avg": 84.87056958609618
        },
        "http_req_receiving": {
            "avg": 0.05509665561788077,
            "min": 0.006,
            "med": 0.037,
            "max": 17.075,
            "p(90)": 0.088,
            "p(95)": 0.129
        },
        "iteration_duration": {
            "avg": 85.04545005367123,
            "min": 4.591708,
            "med": 95.312437,
            "max": 371.534542,
            "p(90)": 113.06666240000001,
            "p(95)": 127.1873349
        },
        "vus_max": {
            "value": 100,
            "min": 100,
            "max": 100
        },
        "vus": {
            "value": 1,
            "min": 1,
            "max": 100
        },
        "http_req_connecting": {
            "max": 4.796,
            "p(90)": 0,
            "p(95)": 0,
            "avg": 0.0010839920108788033,
            "min": 0,
            "med": 0
        },
        "http_req_failed": {
            "passes": 0,
            "fails": 47064,
            "value": 0
        },
        "success_total": {
            "count": 47064,
            "rate": 941.1510623044643
        },
        "http_req_waiting": {
            "med": 95.0765,
            "max": 371.134,
            "p(90)": 112.793,
            "p(95)": 126.85444999999996,
            "avg": 84.79801621196677,
            "min": 4.442
        },
        "http_req_blocked": {
            "p(95)": 0.009,
            "avg": 0.006648542410332563,
            "min": 0,
            "med": 0.003,
            "max": 5.18,
            "p(90)": 0.006
        },
        "http_reqs": {
            "rate": 941.1510623044643,
            "count": 47064
        }
    }
}