{
    "metrics": {
        "http_req_tls_handshaking": {
            "p(95)": 0,
            "avg": 0,
            "min": 0,
            "med": 0,
            "max": 0,
            "p(90)": 0
        },
        "http_req_waiting": {
            "p(90)": 15.856,
            "p(95)": 20.37649999999997,
            "avg": 12.025810710221089,
            "min": 3.653,
            "med": 9.721,
            "max": 190.429
        },
        "data_received": {
            "rate": 715727.8363096853,
            "count": 35788894
        },
        "http_req_connecting": {
            "p(90)": 0,
            "p(95)": 0,
            "avg": 0.00015037987142813198,
            "min": 0,
            "med": 0,
            "max": 1.227
        },
        "vus": {
            "min": 0,
            "max": 10,
            "value": 1
        },
        "http_req_failed": {
            "passes": 0,
            "fails": 32511,
            "value": 0
        },
        "vus_max": {
            "max": 10,
            "value": 10,
            "min": 10
        },
        "iteration_duration": {
            "avg": 12.289049387561107,
            "min": 3.887375,
            "med": 9.973625,
            "max": 191.815416,
            "p(90)": 16.1985,
            "p(95)": 20.77114649999999
        },
        "iterations": {
            "count": 32511,
            "rate": 650.1745397961774
        },
        "http_req_duration": {
            "p(95)": 20.476499999999998,
            "avg": 12.106103472670789,
            "min": 3.722,
            "med": 9.8,
            "max": 190.718,
            "p(90)": 15.955
        },
        "data_sent": {
            "rate": 67641.0305391447,
            "count": 3382288
        },
        "http_req_receiving": {
            "p(90)": 0.094,
            "p(95)": 0.128,
            "avg": 0.06060385715603885,
            "min": 0.005,
            "med": 0.043,
            "max": 4.249
        },
        "success_total": {
            "count": 32511,
            "rate": 650.1745397961774
        },
        "http_reqs": {
            "count": 32511,
            "rate": 650.1745397961774
        },
        "http_req_duration{expected_response:true}": {
            "p(90)": 15.955,
            "p(95)": 20.476499999999998,
            "avg": 12.106103472670789,
            "min": 3.722,
            "med": 9.8,
            "max": 190.718
        },
        "http_req_blocked": {
            "avg": 0.005706991479805428,
            "min": 0,
            "med": 0.004,
            "max": 4.268,
            "p(90)": 0.007,
            "p(95)": 0.009
        },
        "http_req_sending": {
            "p(95)": 0.037,
            "avg": 0.019688905293591283,
            "min": 0.001,
            "med": 0.013,
            "max": 3.489,
            "p(90)": 0.027
        },
        "checks": {
            "fails": 0,
            "passes": 32511,
            "value": 1
        }
    },
    "root_group": {
        "name": "",
        "path": "",
        "id": "d41d8cd98f00b204e9800998ecf8427e",
        "groups": {},
        "checks": {
                "GET /orders/:id 200": {
                    "id": "ca384c3a859ffb946ea1d7d59aff1eec",
                    "passes": 16148,
                    "fails": 0,
                    "name": "GET /orders/:id 200",
                    "path": "::GET /orders/:id 200"
                },
                "GET /orders?user_id 200": {
                    "passes": 9903,
                    "fails": 0,
                    "name": "GET /orders?user_id 200",
                    "path": "::GET /orders?user_id 200",
                    "id": "ab0b46c92b84870e38e5a604ac36187b"
                },
                "POST /orders 201": {
                    "path": "::POST /orders 201",
                    "id": "4b499a5302314fdd343249234e5fd479",
                    "passes": 6460,
                    "fails": 0,
                    "name": "POST /orders 201"
                }
            }
    }
}