{
    "metrics": {
        "http_req_tls_handshaking": {
            "avg": 0,
            "min": 0,
            "med": 0,
            "max": 0,
            "p(90)": 0,
            "p(95)": 0
        },
        "http_req_blocked": {
            "avg": 0.011834500720160747,
            "min": 0,
            "med": 0.003,
            "max": 5.931,
            "p(90)": 0.006,
            "p(95)": 0.009
        },
        "checks": {
            "passes": 50683,
            "fails": 0,
            "value": 1
        },
        "http_req_receiving": {
            "med": 0.038,
            "max": 7.741,
            "p(90)": 0.088,
            "p(95)": 0.131,
            "avg": 0.057068740997965176,
            "min": 0.006
        },
        "data_received": {
            "count": 54643214,
            "rate": 1092644.483635672
        },
        "iterations": {
            "count": 50683,
            "rate": 1013.4561331642527
        },
        "http_req_failed": {
            "passes": 0,
            "fails": 50683,
            "value": 0
        },
        "success_total": {
            "rate": 1013.4561331642527,
            "count": 50683
        },
        "http_reqs": {
            "count": 50683,
            "rate": 1013.4561331642527
        },
        "http_req_duration": {
            "p(90)": 503.372,
            "p(95)": 508.8109,
            "avg": 395.60462452893955,
            "min": 4.975,
            "med": 474.452,
            "max": 569.552
        },
        "http_req_waiting": {
            "p(90)": 503.2908,
            "p(95)": 508.74,
            "avg": 395.53039806246755,
            "min": 4.91,
            "med": 474.362,
            "max": 569.508
        },
        "data_sent": {
            "count": 5273550,
            "rate": 105449.78772070211
        },
        "http_req_sending": {
            "min": 0.001,
            "med": 0.011,
            "max": 3.449,
            "p(90)": 0.024,
            "p(95)": 0.036,
            "avg": 0.017157725470075633
        },
        "vus": {
            "value": 2,
            "min": 2,
            "max": 500
        },
        "vus_max": {
            "value": 500,
            "min": 500,
            "max": 500
        },
        "http_req_duration{expected_response:true}": {
            "avg": 395.60462452893955,
            "min": 4.975,
            "med": 474.452,
            "max": 569.552,
            "p(90)": 503.372,
            "p(95)": 508.8109
        },
        "iteration_duration": {
            "max": 569.687125,
            "p(90)": 503.54186699999997,
            "p(95)": 509.01645829999995,
            "avg": 395.79330910394225,
            "min": 5.135333,
            "med": 474.640667
        },
        "http_req_connecting": {
            "avg": 0.005556320659787309,
            "min": 0,
            "med": 0,
            "max": 5.472,
            "p(90)": 0,
            "p(95)": 0
        }
    },
    "root_group": {
        "groups": {},
        "checks": {
                "GET /orders?user_id 200": {
                    "passes": 15022,
                    "fails": 0,
                    "name": "GET /orders?user_id 200",
                    "path": "::GET /orders?user_id 200",
                    "id": "ab0b46c92b84870e38e5a604ac36187b"
                },
                "GET /orders/:id 200": {
                    "id": "ca384c3a859ffb946ea1d7d59aff1eec",
                    "passes": 25519,
                    "fails": 0,
                    "name": "GET /orders/:id 200",
                    "path": "::GET /orders/:id 200"
                },
                "POST /orders 201": {
                    "path": "::POST /orders 201",
                    "id": "4b499a5302314fdd343249234e5fd479",
                    "passes": 10142,
                    "fails": 0,
                    "name": "POST /orders 201"
                }
            },
        "name": "",
        "path": "",
        "id": "d41d8cd98f00b204e9800998ecf8427e"
    }
}