{
    "root_group": {
        "checks": {
            "GET /orders/:id 200": {
                "name": "GET /orders/:id 200",
                "path": "::GET /orders/:id 200",
                "id": "ca384c3a859ffb946ea1d7d59aff1eec",
                "passes": 5340,
                "fails": 0
            },
            "GET /orders?user_id 200": {
                "name": "GET /orders?user_id 200",
                "path": "::GET /orders?user_id 200",
                "id": "ab0b46c92b84870e38e5a604ac36187b",
                "passes": 3215,
                "fails": 0
            },
            "POST /orders 201": {
                "fails": 0,
                "name": "POST /orders 201",
                "path": "::POST /orders 201",
                "id": "4b499a5302314fdd343249234e5fd479",
                "passes": 2171
            }
        },
        "name": "",
        "path": "",
        "id": "d41d8cd98f00b204e9800998ecf8427e",
        "groups": {}
    },
    "metrics": {
        "http_req_waiting": {
            "med": 403.419,
            "max": 705.334,
            "p(90)": 594.2635,
            "p(95)": 598.54175,
            "avg": 374.18825200447463,
            "min": 1.846
        },
        "success_total": {
            "count": 10726,
            "rate": 214.5003174508707
        },
        "iterations": {
            "count": 10726,
            "rate": 214.5003174508707
        },
        "checks": {
            "passes": 10726,
            "fails": 0,
            "value": 1
        },
        "iteration_duration": {
            "avg": 374.482574137517,
            "min": 2.010125,
            "med": 403.6905625,
            "max": 705.519708,
            "p(90)": 594.5747505,
            "p(95)": 598.87764525
        },
        "http_reqs": {
            "count": 10726,
            "rate": 214.5003174508707
        },
        "data_received": {
            "count": 10850116,
            "rate": 216982.40969408647
        },
        "http_req_sending": {
            "p(95)": 0.045,
            "avg": 0.02136173783330166,
            "min": 0.001,
            "med": 0.012,
            "max": 8.529,
            "p(90)": 0.03
        },
        "vus_max": {
            "min": 100,
            "max": 100,
            "value": 100
        },
        "http_req_duration": {
            "min": 1.882,
            "med": 403.488,
            "max": 705.385,
            "p(90)": 594.328,
            "p(95)": 598.62825,
            "avg": 374.27782183479445
        },
        "http_req_failed": {
            "fails": 10726,
            "passes": 0,
            "value": 0
        },
        "vus": {
            "value": 1,
            "min": 1,
            "max": 100
        },
        "http_req_blocked": {
            "avg": 0.011103953011374025,
            "min": 0,
            "med": 0.003,
            "max": 4.839,
            "p(90)": 0.008,
            "p(95)": 0.011
        },
        "http_req_receiving": {
            "med": 0.04,
            "max": 14.3,
            "p(90)": 0.11,
            "p(95)": 0.158,
            "avg": 0.06820809248554835,
            "min": 0.006
        },
        "data_sent": {
            "count": 1118740,
            "rate": 22372.74707672824
        },
        "http_req_connecting": {
            "avg": 0.00465821368636957,
            "min": 0,
            "med": 0,
            "max": 4.521,
            "p(90)": 0,
            "p(95)": 0
        },
        "http_req_duration{expected_response:true}": {
            "p(90)": 594.328,
            "p(95)": 598.62825,
            "avg": 374.27782183479445,
            "min": 1.882,
            "med": 403.488,
            "max": 705.385
        },
        "http_req_tls_handshaking": {
            "max": 0,
            "p(90)": 0,
            "p(95)": 0,
            "avg": 0,
            "min": 0,
            "med": 0
        }
    }
}