{
    "root_group": {
        "id": "d41d8cd98f00b204e9800998ecf8427e",
        "groups": {},
        "checks": {
                "GET /orders/:id 200": {
                    "name": "GET /orders/:id 200",
                    "path": "::GET /orders/:id 200",
                    "id": "ca384c3a859ffb946ea1d7d59aff1eec",
                    "passes": 1301,
                    "fails": 0
                },
                "POST /orders 201": {
                    "name": "POST /orders 201",
                    "path": "::POST /orders 201",
                    "id": "4b499a5302314fdd343249234e5fd479",
                    "passes": 494,
                    "fails": 0
                },
                "GET /orders?user_id 200": {
                    "id": "ab0b46c92b84870e38e5a604ac36187b",
                    "passes": 780,
                    "fails": 0,
                    "name": "GET /orders?user_id 200",
                    "path": "::GET /orders?user_id 200"
                }
            },
        "name": "",
        "path": ""
    },
    "metrics": {
        "vus": {
            "max": 50,
            "value": 1,
            "min": 1
        },
        "success_total": {
            "rate": 51.49974147129782,
            "count": 2575
        },
        "data_received": {
            "count": 3002686,
            "rate": 60053.41853183897
        },
        "iterations": {
            "rate": 51.49974147129782,
            "count": 2575
        },
        "http_req_duration{expected_response:true}": {
            "p(95)": 1963.1204999999993,
            "avg": 780.993236116504,
            "min": 3.506,
            "med": 698.546,
            "max": 4192.845,
            "p(90)": 1599.137
        },
        "http_req_tls_handshaking": {
            "p(90)": 0,
            "p(95)": 0,
            "avg": 0,
            "min": 0,
            "med": 0,
            "max": 0
        },
        "http_reqs": {
            "count": 2575,
            "rate": 51.49974147129782
        },
        "http_req_blocked": {
            "max": 1.71,
            "p(90)": 0.009600000000000056,
            "p(95)": 0.012,
            "avg": 0.01761669902912646,
            "min": 0,
            "med": 0.005
        },
        "http_req_duration": {
            "med": 698.546,
            "max": 4192.845,
            "p(90)": 1599.137,
            "p(95)": 1963.1204999999993,
            "avg": 780.993236116504,
            "min": 3.506
        },
        "data_sent": {
            "count": 266266,
            "rate": 5325.2932670278
        },
        "http_req_sending": {
            "p(90)": 0.037,
            "p(95)": 0.05,
            "avg": 0.0243409708737866,
            "min": 0.003,
            "med": 0.019,
            "max": 2.243
        },
        "http_req_waiting": {
            "med": 698.425,
            "max": 4192.77,
            "p(90)": 1599.0768,
            "p(95)": 1962.8869999999993,
            "avg": 780.8930314563111,
            "min": 3.405
        },
        "http_req_connecting": {
            "p(90)": 0,
            "p(95)": 0,
            "avg": 0.008991844660194169,
            "min": 0,
            "med": 0,
            "max": 1.52
        },
        "checks": {
            "passes": 2575,
            "fails": 0,
            "value": 1
        },
        "iteration_duration": {
            "max": 4193.0775,
            "p(90)": 1599.251492,
            "p(95)": 1964.2839169999993,
            "avg": 781.2178471631069,
            "min": 3.728458,
            "med": 698.771333
        },
        "http_req_receiving": {
            "avg": 0.07586368932038824,
            "min": 0.009,
            "med": 0.06,
            "max": 1.129,
            "p(90)": 0.148,
            "p(95)": 0.175
        },
        "http_req_failed": {
            "passes": 0,
            "fails": 2575,
            "value": 0
        },
        "vus_max": {
            "value": 50,
            "min": 50,
            "max": 50
        }
    }
}