{
    "root_group": {
        "name": "",
        "path": "",
        "id": "d41d8cd98f00b204e9800998ecf8427e",
        "groups": {},
        "checks": {
                "GET /orders/:id 200": {
                    "fails": 0,
                    "name": "GET /orders/:id 200",
                    "path": "::GET /orders/:id 200",
                    "id": "ca384c3a859ffb946ea1d7d59aff1eec",
                    "passes": 1680
                },
                "POST /orders 201": {
                    "passes": 693,
                    "fails": 0,
                    "name": "POST /orders 201",
                    "path": "::POST /orders 201",
                    "id": "4b499a5302314fdd343249234e5fd479"
                },
                "GET /orders?user_id 200": {
                    "path": "::GET /orders?user_id 200",
                    "id": "ab0b46c92b84870e38e5a604ac36187b",
                    "passes": 1029,
                    "fails": 0,
                    "name": "GET /orders?user_id 200"
                }
            }
    },
    "metrics": {
        "vus_max": {
            "value": 100,
            "min": 100,
            "max": 100
        },
        "checks": {
            "passes": 3402,
            "fails": 0,
            "value": 1
        },
        "http_reqs": {
            "rate": 67.98147203146922,
            "count": 3402
        },
        "http_req_duration{expected_response:true}": {
            "min": 2.758,
            "med": 1302.741,
            "max": 3339.375,
            "p(90)": 1920.1464,
            "p(95)": 2017.2428,
            "avg": 1187.1105038212818
        },
        "http_req_tls_handshaking": {
            "med": 0,
            "max": 0,
            "p(90)": 0,
            "p(95)": 0,
            "avg": 0,
            "min": 0
        },
        "http_req_receiving": {
            "med": 0.054,
            "max": 1.032,
            "p(90)": 0.14,
            "p(95)": 0.182,
            "avg": 0.0727175191064078,
            "min": 0.008
        },
        "iteration_duration": {
            "p(90)": 1920.2742250000001,
            "p(95)": 2017.53597145,
            "avg": 1187.309917850971,
            "min": 2.892209,
            "med": 1302.8493334999998,
            "max": 3340.302625
        },
        "http_req_sending": {
            "min": 0.002,
            "med": 0.016,
            "max": 0.65,
            "p(90)": 0.037,
            "p(95)": 0.052949999999999844,
            "avg": 0.022582010582010873
        },
        "http_req_blocked": {
            "p(90)": 0.01,
            "p(95)": 0.016,
            "avg": 0.02085508524397425,
            "min": 0,
            "med": 0.004,
            "max": 1.109
        },
        "success_total": {
            "count": 3402,
            "rate": 67.98147203146922
        },
        "http_req_waiting": {
            "avg": 1187.0152042915922,
            "min": 2.698,
            "med": 1302.694,
            "max": 3339.055,
            "p(90)": 1920.0627000000002,
            "p(95)": 2017.04735
        },
        "data_received": {
            "count": 3963458,
            "rate": 79200.97271455113
        },
        "data_sent": {
            "count": 355359,
            "rate": 7101.066407886794
        },
        "vus": {
            "max": 100,
            "value": 1,
            "min": 1
        },
        "http_req_duration": {
            "med": 1302.741,
            "max": 3339.375,
            "p(90)": 1920.1464,
            "p(95)": 2017.2428,
            "avg": 1187.1105038212818,
            "min": 2.758
        },
        "http_req_connecting": {
            "avg": 0.011967372134038794,
            "min": 0,
            "med": 0,
            "max": 0.815,
            "p(90)": 0,
            "p(95)": 0
        },
        "http_req_failed": {
            "passes": 0,
            "fails": 3402,
            "value": 0
        },
        "iterations": {
            "count": 3402,
            "rate": 67.98147203146922
        }
    }
}