{
    "metrics": {
        "vus_max": {
            "max": 10,
            "value": 10,
            "min": 10
        },
        "http_req_tls_handshaking": {
            "med": 0,
            "max": 0,
            "p(90)": 0,
            "p(95)": 0,
            "avg": 0,
            "min": 0
        },
        "http_req_receiving": {
            "med": 0.061,
            "max": 1.873,
            "p(90)": 0.162,
            "p(95)": 0.189,
            "avg": 0.08185762968572514,
            "min": 0.012
        },
        "iterations": {
            "count": 2641,
            "rate": 52.7992815619151
        },
        "vus": {
            "value": 1,
            "min": 0,
            "max": 10
        },
        "http_req_waiting": {
            "p(95)": 303.675,
            "avg": 151.44819348731522,
            "min": 2.321,
            "med": 103.097,
            "max": 1097.702,
            "p(90)": 295.312
        },
        "http_reqs": {
            "count": 2641,
            "rate": 52.7992815619151
        },
        "success_total": {
            "count": 2641,
            "rate": 52.7992815619151
        },
        "http_req_duration": {
            "avg": 151.5539095039757,
            "min": 2.353,
            "med": 103.179,
            "max": 1097.749,
            "p(90)": 295.412,
            "p(95)": 303.773
        },
        "data_sent": {
            "count": 275113,
            "rate": 5500.1017600693485
        },
        "http_req_blocked": {
            "p(95)": 0.012,
            "avg": 0.00937145020825455,
            "min": 0,
            "med": 0.005,
            "max": 1.875,
            "p(90)": 0.011
        },
        "http_req_duration{expected_response:true}": {
            "min": 2.353,
            "med": 103.179,
            "max": 1097.749,
            "p(90)": 295.412,
            "p(95)": 303.773,
            "avg": 151.5539095039757
        },
        "data_received": {
            "count": 3019725,
            "rate": 60370.81049396216
        },
        "iteration_duration": {
            "avg": 151.77337565997703,
            "min": 2.437292,
            "med": 103.396542,
            "max": 1097.850125,
            "p(90)": 295.556333,
            "p(95)": 303.955125
        },
        "http_req_connecting": {
            "med": 0,
            "max": 0.644,
            "p(90)": 0,
            "p(95)": 0,
            "avg": 0.0017777357061719043,
            "min": 0
        },
        "http_req_sending": {
            "p(90)": 0.039,
            "p(95)": 0.051,
            "avg": 0.023858386974630996,
            "min": 0.003,
            "med": 0.018,
            "max": 1.198
        },
        "http_req_failed": {
            "passes": 0,
            "fails": 2641,
            "value": 0
        },
        "checks": {
            "passes": 2641,
            "fails": 0,
            "value": 1
        }
    },
    "root_group": {
        "name": "",
        "path": "",
        "id": "d41d8cd98f00b204e9800998ecf8427e",
        "groups": {},
        "checks": {
                "GET /orders?user_id 200": {
                    "id": "ab0b46c92b84870e38e5a604ac36187b",
                    "passes": 842,
                    "fails": 0,
                    "name": "GET /orders?user_id 200",
                    "path": "::GET /orders?user_id 200"
                },
                "GET /orders/:id 200": {
                    "passes": 1276,
                    "fails": 0,
                    "name": "GET /orders/:id 200",
                    "path": "::GET /orders/:id 200",
                    "id": "ca384c3a859ffb946ea1d7d59aff1eec"
                },
                "POST /orders 201": {
                    "name": "POST /orders 201",
                    "path": "::POST /orders 201",
                    "id": "4b499a5302314fdd343249234e5fd479",
                    "passes": 523,
                    "fails": 0
                }
            }
    }
}