{
    "root_group": {
        "checks": {
            "GET /orders?user_id 200": {
                "name": "GET /orders?user_id 200",
                "path": "::GET /orders?user_id 200",
                "id": "ab0b46c92b84870e38e5a604ac36187b",
                "passes": 1511,
                "fails": 0
            },
            "GET /orders/:id 200": {
                "name": "GET /orders/:id 200",
                "path": "::GET /orders/:id 200",
                "id": "ca384c3a859ffb946ea1d7d59aff1eec",
                "passes": 2718,
                "fails": 0
            },
            "POST /orders 201": {
                "fails": 0,
                "name": "POST /orders 201",
                "path": "::POST /orders 201",
                "id": "4b499a5302314fdd343249234e5fd479",
                "passes": 1011
            }
        },
        "name": "",
        "path": "",
        "id": "d41d8cd98f00b204e9800998ecf8427e",
        "groups": {}
    },
    "metrics": {
        "checks": {
            "passes": 5240,
            "fails": 0,
            "value": 1
        },
        "http_req_duration{expected_response:true}": {
            "max": 1796.853,
            "p(90)": 1196.7801,
            "p(95)": 1498.1841,
            "avg": 768.8932166030526,
            "min": 2.747,
            "med": 898.3065
        },
        "http_req_duration": {
            "med": 898.3065,
            "max": 1796.853,
            "p(90)": 1196.7801,
            "p(95)": 1498.1841,
            "avg": 768.8932166030526,
            "min": 2.747
        },
        "http_req_sending": {
            "p(90)": 0.033,
            "p(95)": 0.047,
            "avg": 0.02045114503816831,
            "min": 0.002,
            "med": 0.015,
            "max": 0.657
        },
        "data_sent": {
            "count": 541244,
            "rate": 10824.331206407835
        },
        "http_req_receiving": {
            "avg": 0.0680045801526715,
            "min": 0.009,
            "med": 0.049,
            "max": 1.756,
            "p(90)": 0.13,
            "p(95)": 0.167
        },
        "iteration_duration": {
            "min": 2.81575,
            "med": 898.4882295,
            "max": 1797.125125,
            "p(90)": 1196.9605080000001,
            "p(95)": 1498.3436604,
            "avg": 769.0987479826339
        },
        "data_received": {
            "count": 5575762,
            "rate": 111509.58646396628
        },
        "http_req_failed": {
            "passes": 0,
            "fails": 5240,
            "value": 0
        },
        "http_req_connecting": {
            "avg": 0.007800381679389313,
            "min": 0,
            "med": 0,
            "max": 0.626,
            "p(90)": 0,
            "p(95)": 0
        },
        "http_req_waiting": {
            "p(90)": 1196.7214999999999,
            "p(95)": 1498.0524,
            "avg": 768.8047608778631,
            "min": 2.708,
            "med": 898.2225,
            "max": 1796.762
        },
        "iterations": {
            "count": 5240,
            "rate": 104.7946869093737
        },
        "vus_max": {
            "value": 100,
            "min": 100,
            "max": 100
        },
        "success_total": {
            "count": 5240,
            "rate": 104.7946869093737
        },
        "vus": {
            "value": 1,
            "min": 1,
            "max": 100
        },
        "http_req_blocked": {
            "p(95)": 0.013,
            "avg": 0.01522824427480919,
            "min": 0,
            "med": 0.004,
            "max": 0.982,
            "p(90)": 0.009
        },
        "http_reqs": {
            "count": 5240,
            "rate": 104.7946869093737
        },
        "http_req_tls_handshaking": {
            "avg": 0,
            "min": 0,
            "med": 0,
            "max": 0,
            "p(90)": 0,
            "p(95)": 0
        }
    }
}