{
    "root_group": {
        "name": "",
        "path": "",
        "id": "d41d8cd98f00b204e9800998ecf8427e",
        "groups": {},
        "checks": {
                "GET /orders/:id 200": {
                    "name": "GET /orders/:id 200",
                    "path": "::GET /orders/:id 200",
                    "id": "ca384c3a859ffb946ea1d7d59aff1eec",
                    "passes": 37857,
                    "fails": 0
                },
                "GET /orders?user_id 200": {
                    "fails": 0,
                    "name": "GET /orders?user_id 200",
                    "path": "::GET /orders?user_id 200",
                    "id": "ab0b46c92b84870e38e5a604ac36187b",
                    "passes": 22737
                },
                "POST /orders 201": {
                    "path": "::POST /orders 201",
                    "id": "4b499a5302314fdd343249234e5fd479",
                    "passes": 15095,
                    "fails": 0,
                    "name": "POST /orders 201"
                }
            }
    },
    "metrics": {
        "vus": {
            "value": 2,
            "min": 2,
            "max": 500
        },
        "http_req_failed": {
            "passes": 0,
            "fails": 75689,
            "value": 0
        },
        "iteration_duration": {
            "med": 310.175958,
            "max": 421.723042,
            "p(90)": 340.8567836,
            "p(95)": 349.81801619999993,
            "avg": 264.75128261835636,
            "min": 4.82525
        },
        "data_received": {
            "count": 82453999,
            "rate": 1648902.9537788823
        },
        "vus_max": {
            "value": 500,
            "min": 500,
            "max": 500
        },
        "http_req_sending": {
            "med": 0.01,
            "max": 8.596,
            "p(90)": 0.024,
            "p(95)": 0.042,
            "avg": 0.019171438386027962,
            "min": 0.001
        },
        "data_sent": {
            "count": 7874769,
            "rate": 157478.4731111268
        },
        "http_req_waiting": {
            "p(95)": 349.5276,
            "avg": 264.466766386134,
            "min": 4.76,
            "med": 309.891,
            "max": 420.587,
            "p(90)": 340.566
        },
        "http_reqs": {
            "count": 75689,
            "rate": 1513.617498025412
        },
        "http_req_duration": {
            "p(90)": 340.6462,
            "p(95)": 349.622,
            "avg": 264.5507463832245,
            "min": 4.785,
            "med": 309.981,
            "max": 420.642
        },
        "http_req_blocked": {
            "avg": 0.01051189736949763,
            "min": 0,
            "med": 0.003,
            "max": 13.207,
            "p(90)": 0.006,
            "p(95)": 0.009
        },
        "http_req_connecting": {
            "avg": 0.004115974580189993,
            "min": 0,
            "med": 0,
            "max": 12.998,
            "p(90)": 0,
            "p(95)": 0
        },
        "http_req_tls_handshaking": {
            "max": 0,
            "p(90)": 0,
            "p(95)": 0,
            "avg": 0,
            "min": 0,
            "med": 0
        },
        "http_req_receiving": {
            "p(90)": 0.102,
            "p(95)": 0.158,
            "avg": 0.06480855870734184,
            "min": 0.005,
            "med": 0.037,
            "max": 13.193
        },
        "iterations": {
            "count": 75689,
            "rate": 1513.617498025412
        },
        "http_req_duration{expected_response:true}": {
            "p(95)": 349.622,
            "avg": 264.5507463832245,
            "min": 4.785,
            "med": 309.981,
            "max": 420.642,
            "p(90)": 340.6462
        },
        "checks": {
            "passes": 75689,
            "fails": 0,
            "value": 1
        },
        "success_total": {
            "count": 75689,
            "rate": 1513.617498025412
        }
    }
}