{
    "root_group": {
        "id": "d41d8cd98f00b204e9800998ecf8427e",
        "groups": {},
        "checks": {
                "GET /orders/:id 200": {
                    "name": "GET /orders/:id 200",
                    "path": "::GET /orders/:id 200",
                    "id": "ca384c3a859ffb946ea1d7d59aff1eec",
                    "passes": 32361,
                    "fails": 0
                },
                "GET /orders?user_id 200": {
                    "fails": 0,
                    "name": "GET /orders?user_id 200",
                    "path": "::GET /orders?user_id 200",
                    "id": "ab0b46c92b84870e38e5a604ac36187b",
                    "passes": 19450
                },
                "POST /orders 201": {
                    "name": "POST /orders 201",
                    "path": "::POST /orders 201",
                    "id": "4b499a5302314fdd343249234e5fd479",
                    "passes": 12725,
                    "fails": 0
                }
            },
        "name": "",
        "path": ""
    },
    "metrics": {
        "vus_max": {
            "value": 100,
            "min": 100,
            "max": 100
        },
        "http_req_duration{expected_response:true}": {
            "p(90)": 92.859,
            "p(95)": 96.582,
            "avg": 61.871579877897275,
            "min": 1.947,
            "med": 68.0775,
            "max": 187.061
        },
        "checks": {
            "passes": 64536,
            "fails": 0,
            "value": 1
        },
        "http_req_duration": {
            "p(95)": 96.582,
            "avg": 61.871579877897275,
            "min": 1.947,
            "med": 68.0775,
            "max": 187.061,
            "p(90)": 92.859
        },
        "http_req_connecting": {
            "max": 4.769,
            "p(90)": 0,
            "p(95)": 0,
            "avg": 0.0009258088508739305,
            "min": 0,
            "med": 0
        },
        "iteration_duration": {
            "p(95)": 96.71491674999999,
            "avg": 61.99059952959613,
            "min": 1.977959,
            "med": 68.196375,
            "max": 187.163666,
            "p(90)": 92.981458
        },
        "http_reqs": {
            "count": 64536,
            "rate": 1290.623848523285
        },
        "success_total": {
            "count": 64536,
            "rate": 1290.623848523285
        },
        "http_req_waiting": {
            "avg": 61.81714334634978,
            "min": 1.935,
            "med": 68.01650000000001,
            "max": 186.99,
            "p(90)": 92.795,
            "p(95)": 96.516
        },
        "http_req_failed": {
            "passes": 0,
            "fails": 64536,
            "value": 0
        },
        "http_req_receiving": {
            "avg": 0.042210673112679405,
            "min": 0.004,
            "med": 0.026,
            "max": 42.338,
            "p(90)": 0.066,
            "p(95)": 0.098
        },
        "http_req_blocked": {
            "min": 0,
            "med": 0.002,
            "max": 4.929,
            "p(90)": 0.005,
            "p(95)": 0.007,
            "avg": 0.004399528945084762
        },
        "http_req_tls_handshaking": {
            "max": 0,
            "p(90)": 0,
            "p(95)": 0,
            "avg": 0,
            "min": 0,
            "med": 0
        },
        "data_sent": {
            "count": 6702424,
            "rate": 134038.49413218713
        },
        "http_req_sending": {
            "max": 8.625,
            "p(90)": 0.018,
            "p(95)": 0.026,
            "avg": 0.012225858435599004,
            "min": 0.001,
            "med": 0.008
        },
        "iterations": {
            "count": 64536,
            "rate": 1290.623848523285
        },
        "vus": {
            "value": 1,
            "min": 1,
            "max": 100
        },
        "data_received": {
            "rate": 1438184.595247654,
            "count": 71914587
        }
    }
}