{
    "metrics": {
        "iteration_duration": {
            "avg": 7.238054725960903,
            "min": 1.989959,
            "med": 4.9983125,
            "max": 113.251125,
            "p(90)": 13.960579500000001,
            "p(95)": 22.31876424999994
        },
        "http_req_waiting": {
            "med": 4.827,
            "max": 113.136,
            "p(90)": 13.707100000000002,
            "p(95)": 22.118049999999997,
            "avg": 7.056308937635921,
            "min": 1.889
        },
        "data_sent": {
            "rate": 114617.6725272091,
            "count": 5731644
        },
        "http_req_blocked": {
            "min": 0,
            "med": 0.002,
            "max": 2.173,
            "p(90)": 0.005,
            "p(95)": 0.007,
            "avg": 0.0037545685279189904
        },
        "data_received": {
            "count": 61125730,
            "rate": 1222352.4182811426
        },
        "http_req_receiving": {
            "max": 5.189,
            "p(90)": 0.075,
            "p(95)": 0.108,
            "avg": 0.044887871646118446,
            "min": 0.004,
            "med": 0.029
        },
        "checks": {
            "passes": 55160,
            "fails": 0,
            "value": 1
        },
        "http_req_sending": {
            "avg": 0.01371388687454446,
            "min": 0.001,
            "med": 0.009,
            "max": 7.629,
            "p(90)": 0.02,
            "p(95)": 0.028
        },
        "http_reqs": {
            "count": 55160,
            "rate": 1103.053646842137
        },
        "http_req_duration": {
            "avg": 7.114910696156598,
            "min": 1.926,
            "med": 4.881,
            "max": 113.174,
            "p(90)": 13.767400000000004,
            "p(95)": 22.171249999999986
        },
        "http_req_duration{expected_response:true}": {
            "med": 4.881,
            "max": 113.174,
            "p(90)": 13.767400000000004,
            "p(95)": 22.171249999999986,
            "avg": 7.114910696156598,
            "min": 1.926
        },
        "http_req_failed": {
            "passes": 0,
            "fails": 55160,
            "value": 0
        },
        "vus_max": {
            "max": 10,
            "value": 10,
            "min": 10
        },
        "http_req_tls_handshaking": {
            "med": 0,
            "max": 0,
            "p(90)": 0,
            "p(95)": 0,
            "avg": 0,
            "min": 0
        },
        "success_total": {
            "count": 55160,
            "rate": 1103.053646842137
        },
        "http_req_connecting": {
            "p(90)": 0,
            "p(95)": 0,
            "avg": 0.0000656816533720087,
            "min": 0,
            "med": 0,
            "max": 0.603
        },
        "iterations": {
            "count": 55160,
            "rate": 1103.053646842137
        },
        "vus": {
            "min": 0,
            "max": 10,
            "value": 1
        }
    },
    "root_group": {
        "checks": {
            "GET /orders?user_id 200": {
                "passes": 16500,
                "fails": 0,
                "name": "GET /orders?user_id 200",
                "path": "::GET /orders?user_id 200",
                "id": "ab0b46c92b84870e38e5a604ac36187b"
            },
            "POST /orders 201": {
                "name": "POST /orders 201",
                "path": "::POST /orders 201",
                "id": "4b499a5302314fdd343249234e5fd479",
                "passes": 10930,
                "fails": 0
            },
            "GET /orders/:id 200": {
                "id": "ca384c3a859ffb946ea1d7d59aff1eec",
                "passes": 27730,
                "fails": 0,
                "name": "GET /orders/:id 200",
                "path": "::GET /orders/:id 200"
            }
        },
        "name": "",
        "path": "",
        "id": "d41d8cd98f00b204e9800998ecf8427e",
        "groups": {}
    }
}