{
    "root_group": {
        "path": "",
        "id": "d41d8cd98f00b204e9800998ecf8427e",
        "groups": {},
        "checks": {
                "GET /orders?user_id 200": {
                    "name": "GET /orders?user_id 200",
                    "path": "::GET /orders?user_id 200",
                    "id": "ab0b46c92b84870e38e5a604ac36187b",
                    "passes": 1014,
                    "fails": 0
                },
                "GET /orders/:id 200": {
                    "path": "::GET /orders/:id 200",
                    "id": "ca384c3a859ffb946ea1d7d59aff1eec",
                    "passes": 1736,
                    "fails": 0,
                    "name": "GET /orders/:id 200"
                },
                "POST /orders 201": {
                    "path": "::POST /orders 201",
                    "id": "4b499a5302314fdd343249234e5fd479",
                    "passes": 674,
                    "fails": 0,
                    "name": "POST /orders 201"
                }
            },
        "name": ""
    },
    "metrics": {
        "iterations": {
            "count": 3424,
            "rate": 68.3930081971537
        },
        "http_req_failed": {
            "passes": 0,
            "fails": 3424,
            "value": 0
        },
        "vus": {
            "value": 1,
            "min": 1,
            "max": 50
        },
        "http_reqs": {
            "count": 3424,
            "rate": 68.3930081971537
        },
        "http_req_duration": {
            "p(95)": 978.72505,
            "avg": 586.788167932243,
            "min": 4.471,
            "med": 602.703,
            "max": 1195.666,
            "p(90)": 900.395
        },
        "checks": {
            "passes": 3424,
            "fails": 0,
            "value": 1
        },
        "http_req_duration{expected_response:true}": {
            "p(95)": 978.72505,
            "avg": 586.788167932243,
            "min": 4.471,
            "med": 602.703,
            "max": 1195.666,
            "p(90)": 900.395
        },
        "http_req_connecting": {
            "med": 0,
            "max": 3.518,
            "p(90)": 0,
            "p(95)": 0,
            "avg": 0.012055198598130834,
            "min": 0
        },
        "success_total": {
            "count": 3424,
            "rate": 68.3930081971537
        },
        "iteration_duration": {
            "avg": 587.0365488682831,
            "min": 4.592959,
            "med": 602.954125,
            "max": 1195.888792,
            "p(90)": 900.6267623,
            "p(95)": 978.8786339
        },
        "vus_max": {
            "value": 50,
            "min": 50,
            "max": 50
        },
        "http_req_receiving": {
            "min": 0.01,
            "med": 0.08,
            "max": 94.317,
            "p(90)": 0.217,
            "p(95)": 0.306,
            "avg": 0.8707412383177539
        },
        "data_sent": {
            "count": 355228,
            "rate": 7095.534905332511
        },
        "http_req_waiting": {
            "med": 602.6324999999999,
            "max": 1195.577,
            "p(90)": 900.2163,
            "p(95)": 978.1747,
            "avg": 585.8893054906537,
            "min": 4.356
        },
        "http_req_blocked": {
            "avg": 0.023146612149532887,
            "min": 0,
            "med": 0.005,
            "max": 3.76,
            "p(90)": 0.011,
            "p(95)": 0.013
        },
        "data_received": {
            "count": 3875918,
            "rate": 77419.88654950222
        },
        "http_req_tls_handshaking": {
            "min": 0,
            "med": 0,
            "max": 0,
            "p(90)": 0,
            "p(95)": 0,
            "avg": 0
        },
        "http_req_sending": {
            "max": 2.301,
            "p(90)": 0.04,
            "p(95)": 0.051,
            "avg": 0.028121203271028572,
            "min": 0.002,
            "med": 0.02
        }
    }
}