{
    "root_group": {
        "path": "",
        "id": "d41d8cd98f00b204e9800998ecf8427e",
        "groups": {},
        "checks": {
                "GET /orders/:id 200": {
                    "name": "GET /orders/:id 200",
                    "path": "::GET /orders/:id 200",
                    "id": "ca384c3a859ffb946ea1d7d59aff1eec",
                    "passes": 1399,
                    "fails": 0
                },
                "POST /orders 201": {
                    "name": "POST /orders 201",
                    "path": "::POST /orders 201",
                    "id": "4b499a5302314fdd343249234e5fd479",
                    "passes": 550,
                    "fails": 0
                },
                "GET /orders?user_id 200": {
                    "name": "GET /orders?user_id 200",
                    "path": "::GET /orders?user_id 200",
                    "id": "ab0b46c92b84870e38e5a604ac36187b",
                    "passes": 874,
                    "fails": 0
                }
            },
        "name": ""
    },
    "metrics": {
        "http_req_waiting": {
            "avg": 140.8212302515055,
            "min": 3.83,
            "med": 102.948,
            "max": 1602.538,
            "p(90)": 199.6924,
            "p(95)": 203.2986
        },
        "success_total": {
            "count": 2823,
            "rate": 56.44958053642459
        },
        "http_req_tls_handshaking": {
            "p(95)": 0,
            "avg": 0,
            "min": 0,
            "med": 0,
            "max": 0,
            "p(90)": 0
        },
        "iterations": {
            "count": 2823,
            "rate": 56.44958053642459
        },
        "data_sent": {
            "count": 292902,
            "rate": 5856.958922522082
        },
        "data_received": {
            "rate": 65936.6494132513,
            "count": 3297441
        },
        "http_req_blocked": {
            "avg": 0.009445270988310453,
            "min": 0,
            "med": 0.005,
            "max": 1.931,
            "p(90)": 0.01,
            "p(95)": 0.013
        },
        "http_req_duration": {
            "avg": 141.54867445979463,
            "min": 3.907,
            "med": 103.127,
            "max": 1602.698,
            "p(90)": 199.815,
            "p(95)": 203.38359999999997
        },
        "checks": {
            "passes": 2823,
            "fails": 0,
            "value": 1
        },
        "vus": {
            "max": 10,
            "value": 1,
            "min": 0
        },
        "http_req_duration{expected_response:true}": {
            "p(95)": 203.38359999999997,
            "avg": 141.54867445979463,
            "min": 3.907,
            "med": 103.127,
            "max": 1602.698,
            "p(90)": 199.815
        },
        "http_req_failed": {
            "fails": 2823,
            "passes": 0,
            "value": 0
        },
        "http_reqs": {
            "count": 2823,
            "rate": 56.44958053642459
        },
        "http_req_sending": {
            "avg": 0.02650549061282345,
            "min": 0.002,
            "med": 0.018,
            "max": 2.043,
            "p(90)": 0.039,
            "p(95)": 0.055
        },
        "http_req_receiving": {
            "max": 98.271,
            "p(90)": 0.20180000000000006,
            "p(95)": 0.2857999999999997,
            "avg": 0.7009387176762306,
            "min": 0.011,
            "med": 0.074
        },
        "http_req_connecting": {
            "min": 0,
            "med": 0,
            "max": 0.602,
            "p(90)": 0,
            "p(95)": 0,
            "avg": 0.001752745306411619
        },
        "vus_max": {
            "min": 10,
            "max": 10,
            "value": 10
        },
        "iteration_duration": {
            "med": 103.369625,
            "max": 1603.157416,
            "p(90)": 200.1235414,
            "p(95)": 203.6379,
            "avg": 141.7719009312787,
            "min": 4.036583
        }
    }
}