{
    "metrics": {
        "vus_max": {
            "value": 50,
            "min": 50,
            "max": 50
        },
        "http_req_blocked": {
            "min": 0,
            "med": 0.005,
            "max": 1.196,
            "p(90)": 0.011,
            "p(95)": 0.013,
            "avg": 0.014452929741738643
        },
        "http_req_duration{expected_response:true}": {
            "p(90)": 876.806,
            "p(95)": 913.011,
            "avg": 557.2931413496262,
            "min": 4.625,
            "med": 599.635,
            "max": 1099.801
        },
        "http_req_waiting": {
            "avg": 556.3406973063032,
            "min": 4.519,
            "med": 599.556,
            "max": 1099.703,
            "p(90)": 876.502,
            "p(95)": 908.442
        },
        "http_req_failed": {
            "passes": 0,
            "fails": 3601,
            "value": 0
        },
        "http_req_receiving": {
            "avg": 0.9248528186614822,
            "min": 0.01,
            "med": 0.08,
            "max": 92.88,
            "p(90)": 0.2,
            "p(95)": 0.324
        },
        "iterations": {
            "count": 3601,
            "rate": 71.99275937970592
        },
        "data_sent": {
            "count": 372986,
            "rate": 7456.898458761174
        },
        "data_received": {
            "count": 4114216,
            "rate": 82253.19703530578
        },
        "vus": {
            "max": 50,
            "value": 1,
            "min": 1
        },
        "http_req_tls_handshaking": {
            "max": 0,
            "p(90)": 0,
            "p(95)": 0,
            "avg": 0,
            "min": 0,
            "med": 0
        },
        "http_reqs": {
            "count": 3601,
            "rate": 71.99275937970592
        },
        "http_req_sending": {
            "p(90)": 0.04,
            "p(95)": 0.053,
            "avg": 0.027591224659817226,
            "min": 0.002,
            "med": 0.019,
            "max": 4.202
        },
        "http_req_duration": {
            "avg": 557.2931413496262,
            "min": 4.625,
            "med": 599.635,
            "max": 1099.801,
            "p(90)": 876.806,
            "p(95)": 913.011
        },
        "http_req_connecting": {
            "max": 1.068,
            "p(90)": 0,
            "p(95)": 0,
            "avg": 0.005917800610941406,
            "min": 0,
            "med": 0
        },
        "success_total": {
            "count": 3601,
            "rate": 71.99275937970592
        },
        "checks": {
            "passes": 3601,
            "fails": 0,
            "value": 1
        },
        "iteration_duration": {
            "avg": 557.5501615320748,
            "min": 4.796375,
            "med": 599.941084,
            "max": 1100.002625,
            "p(90)": 877.212667,
            "p(95)": 913.246083
        }
    },
    "root_group": {
        "path": "",
        "id": "d41d8cd98f00b204e9800998ecf8427e",
        "groups": {},
        "checks": {
                "GET /orders/:id 200": {
                    "passes": 1821,
                    "fails": 0,
                    "name": "GET /orders/:id 200",
                    "path": "::GET /orders/:id 200",
                    "id": "ca384c3a859ffb946ea1d7d59aff1eec"
                },
                "POST /orders 201": {
                    "fails": 0,
                    "name": "POST /orders 201",
                    "path": "::POST /orders 201",
                    "id": "4b499a5302314fdd343249234e5fd479",
                    "passes": 700
                },
                "GET /orders?user_id 200": {
                    "passes": 1080,
                    "fails": 0,
                    "name": "GET /orders?user_id 200",
                    "path": "::GET /orders?user_id 200",
                    "id": "ab0b46c92b84870e38e5a604ac36187b"
                }
            },
        "name": ""
    }
}