{
    "root_group": {
        "path": "",
        "id": "d41d8cd98f00b204e9800998ecf8427e",
        "groups": {},
        "checks": {
                "GET /orders/:id 200": {
                    "fails": 0,
                    "name": "GET /orders/:id 200",
                    "path": "::GET /orders/:id 200",
                    "id": "ca384c3a859ffb946ea1d7d59aff1eec",
                    "passes": 26938
                },
                "GET /orders?user_id 200": {
                    "path": "::GET /orders?user_id 200",
                    "id": "ab0b46c92b84870e38e5a604ac36187b",
                    "passes": 16345,
                    "fails": 0,
                    "name": "GET /orders?user_id 200"
                },
                "POST /orders 201": {
                    "passes": 10742,
                    "fails": 0,
                    "name": "POST /orders 201",
                    "path": "::POST /orders 201",
                    "id": "4b499a5302314fdd343249234e5fd479"
                }
            },
        "name": ""
    },
    "metrics": {
        "http_req_tls_handshaking": {
            "max": 0,
            "p(90)": 0,
            "p(95)": 0,
            "avg": 0,
            "min": 0,
            "med": 0
        },
        "iteration_duration": {
            "med": 383.769709,
            "max": 648.523208,
            "p(90)": 573.5499,
            "p(95)": 597.9806329999999,
            "avg": 371.32940822978725,
            "min": 2.331917
        },
        "vus": {
            "value": 2,
            "min": 2,
            "max": 500
        },
        "data_received": {
            "count": 59630509,
            "rate": 1192546.8080626195
        },
        "data_sent": {
            "count": 5619631,
            "rate": 112386.64777353732
        },
        "http_req_receiving": {
            "max": 8.306,
            "p(90)": 0.08,
            "p(95)": 0.109,
            "avg": 0.050685386395186056,
            "min": 0.005,
            "med": 0.038
        },
        "http_req_failed": {
            "fails": 54025,
            "passes": 0,
            "value": 0
        },
        "iterations": {
            "count": 54025,
            "rate": 1080.4425852810182
        },
        "http_reqs": {
            "rate": 1080.4425852810182,
            "count": 54025
        },
        "http_req_duration": {
            "avg": 371.1690703563171,
            "min": 2.242,
            "med": 383.603,
            "max": 648.174,
            "p(90)": 573.4354,
            "p(95)": 597.847
        },
        "http_req_waiting": {
            "p(90)": 573.3606,
            "p(95)": 597.7928,
            "avg": 371.1024164738564,
            "min": 2.213,
            "med": 383.556,
            "max": 648.103
        },
        "http_req_blocked": {
            "p(95)": 0.008,
            "avg": 0.009953225358627594,
            "min": 0,
            "med": 0.003,
            "max": 11.519,
            "p(90)": 0.006
        },
        "checks": {
            "passes": 54025,
            "fails": 0,
            "value": 1
        },
        "vus_max": {
            "value": 500,
            "min": 500,
            "max": 500
        },
        "http_req_duration{expected_response:true}": {
            "p(95)": 597.847,
            "avg": 371.1690703563171,
            "min": 2.242,
            "med": 383.603,
            "max": 648.174,
            "p(90)": 573.4354
        },
        "http_req_sending": {
            "med": 0.011,
            "max": 3.983,
            "p(90)": 0.023,
            "p(95)": 0.032,
            "avg": 0.015968496066633496,
            "min": 0.001
        },
        "http_req_connecting": {
            "med": 0,
            "max": 11.365,
            "p(90)": 0,
            "p(95)": 0,
            "avg": 0.004766904211013422,
            "min": 0
        },
        "success_total": {
            "count": 54025,
            "rate": 1080.4425852810182
        }
    }
}