{
    "root_group": {
        "id": "d41d8cd98f00b204e9800998ecf8427e",
        "groups": {},
        "checks": {
                "GET /orders/:id 200": {
                    "id": "ca384c3a859ffb946ea1d7d59aff1eec",
                    "passes": 28241,
                    "fails": 0,
                    "name": "GET /orders/:id 200",
                    "path": "::GET /orders/:id 200"
                },
                "POST /orders 201": {
                    "name": "POST /orders 201",
                    "path": "::POST /orders 201",
                    "id": "4b499a5302314fdd343249234e5fd479",
                    "passes": 11189,
                    "fails": 0
                },
                "GET /orders?user_id 200": {
                    "id": "ab0b46c92b84870e38e5a604ac36187b",
                    "passes": 17096,
                    "fails": 0,
                    "name": "GET /orders?user_id 200",
                    "path": "::GET /orders?user_id 200"
                }
            },
        "name": "",
        "path": ""
    },
    "metrics": {
        "http_req_sending": {
            "p(90)": 0.024,
            "p(95)": 0.032,
            "avg": 0.016580830060501033,
            "min": 0.001,
            "med": 0.012,
            "max": 4.241
        },
        "vus_max": {
            "value": 100,
            "min": 100,
            "max": 100
        },
        "http_req_connecting": {
            "max": 1.796,
            "p(90)": 0,
            "p(95)": 0,
            "avg": 0.0006170434844142519,
            "min": 0,
            "med": 0
        },
        "http_req_receiving": {
            "avg": 0.054625110568587494,
            "min": 0.005,
            "med": 0.039,
            "max": 14.085,
            "p(90)": 0.082,
            "p(95)": 0.111
        },
        "http_req_blocked": {
            "avg": 0.0052263383221859425,
            "min": 0,
            "med": 0.003,
            "max": 2.834,
            "p(90)": 0.006,
            "p(95)": 0.008
        },
        "http_req_tls_handshaking": {
            "max": 0,
            "p(90)": 0,
            "p(95)": 0,
            "avg": 0,
            "min": 0,
            "med": 0
        },
        "http_req_waiting": {
            "max": 184.506,
            "p(90)": 112.994,
            "p(95)": 135.65975,
            "avg": 70.5629375862433,
            "min": 2.207,
            "med": 74.2295
        },
        "http_reqs": {
            "count": 56526,
            "rate": 1130.4711636457305
        },
        "http_req_duration": {
            "med": 74.308,
            "max": 184.615,
            "p(90)": 113.08350000000002,
            "p(95)": 135.73549999999994,
            "avg": 70.6341435268721,
            "min": 2.245
        },
        "iteration_duration": {
            "p(95)": 135.91084399999997,
            "avg": 70.79104421307021,
            "min": 2.338125,
            "med": 74.4649165,
            "max": 184.717291,
            "p(90)": 113.25856250000001
        },
        "success_total": {
            "count": 56526,
            "rate": 1130.4711636457305
        },
        "vus": {
            "min": 1,
            "max": 100,
            "value": 1
        },
        "data_received": {
            "count": 62378378,
            "rate": 1247513.6674095679
        },
        "checks": {
            "passes": 56526,
            "fails": 0,
            "value": 1
        },
        "iterations": {
            "count": 56526,
            "rate": 1130.4711636457305
        },
        "http_req_duration{expected_response:true}": {
            "p(90)": 113.08350000000002,
            "p(95)": 135.73549999999994,
            "avg": 70.6341435268721,
            "min": 2.245,
            "med": 74.308,
            "max": 184.615
        },
        "http_req_failed": {
            "passes": 0,
            "fails": 56526,
            "value": 0
        },
        "data_sent": {
            "count": 5875184,
            "rate": 117498.60406030458
        }
    }
}