{
    "root_group": {
        "name": "",
        "path": "",
        "id": "d41d8cd98f00b204e9800998ecf8427e",
        "groups": {},
        "checks": {
                "POST /orders 201": {
                    "name": "POST /orders 201",
                    "path": "::POST /orders 201",
                    "id": "4b499a5302314fdd343249234e5fd479",
                    "passes": 1734,
                    "fails": 0
                },
                "GET /orders/:id 200": {
                    "name": "GET /orders/:id 200",
                    "path": "::GET /orders/:id 200",
                    "id": "ca384c3a859ffb946ea1d7d59aff1eec",
                    "passes": 4219,
                    "fails": 0
                },
                "GET /orders?user_id 200": {
                    "id": "ab0b46c92b84870e38e5a604ac36187b",
                    "passes": 2568,
                    "fails": 0,
                    "name": "GET /orders?user_id 200",
                    "path": "::GET /orders?user_id 200"
                }
            }
    },
    "metrics": {
        "http_req_sending": {
            "max": 8.174,
            "p(90)": 0.036,
            "p(95)": 0.051,
            "avg": 0.02537906349020036,
            "min": 0.002,
            "med": 0.017
        },
        "success_total": {
            "count": 8521,
            "rate": 170.39189215347037
        },
        "http_req_failed": {
            "passes": 0,
            "fails": 8521,
            "value": 0
        },
        "checks": {
            "passes": 8521,
            "fails": 0,
            "value": 1
        },
        "iteration_duration": {
            "p(95)": 496.531708,
            "avg": 235.04436642964453,
            "min": 3.146791,
            "med": 212.500625,
            "max": 684.581208,
            "p(90)": 396.927291
        },
        "http_req_receiving": {
            "med": 0.058,
            "max": 8.222,
            "p(90)": 0.137,
            "p(95)": 0.18,
            "avg": 0.08013812932754383,
            "min": 0.005
        },
        "vus_max": {
            "max": 50,
            "value": 50,
            "min": 50
        },
        "http_req_waiting": {
            "avg": 234.71069897899324,
            "min": 2.867,
            "med": 212.156,
            "max": 684.186,
            "p(90)": 396.618,
            "p(95)": 496.105
        },
        "http_reqs": {
            "count": 8521,
            "rate": 170.39189215347037
        },
        "data_received": {
            "rate": 198192.00624664954,
            "count": 9911235
        },
        "http_req_blocked": {
            "max": 0.995,
            "p(90)": 0.009,
            "p(95)": 0.012,
            "avg": 0.010125454758831393,
            "min": 0,
            "med": 0.005
        },
        "http_req_connecting": {
            "avg": 0.0030178382818917973,
            "min": 0,
            "med": 0,
            "max": 0.754,
            "p(90)": 0,
            "p(95)": 0
        },
        "vus": {
            "min": 1,
            "max": 50,
            "value": 1
        },
        "iterations": {
            "count": 8521,
            "rate": 170.39189215347037
        },
        "http_req_duration": {
            "p(95)": 496.193,
            "avg": 234.81621617181125,
            "min": 2.953,
            "med": 212.268,
            "max": 684.304,
            "p(90)": 396.688
        },
        "data_sent": {
            "count": 889832,
            "rate": 17793.704750464363
        },
        "http_req_tls_handshaking": {
            "max": 0,
            "p(90)": 0,
            "p(95)": 0,
            "avg": 0,
            "min": 0,
            "med": 0
        },
        "http_req_duration{expected_response:true}": {
            "avg": 234.81621617181125,
            "min": 2.953,
            "med": 212.268,
            "max": 684.304,
            "p(90)": 396.688,
            "p(95)": 496.193
        }
    }
}