{
    "metrics": {
        "http_req_duration": {
            "p(90)": 394.0398,
            "p(95)": 491.04619999999994,
            "avg": 223.15847743229713,
            "min": 2.755,
            "med": 206.706,
            "max": 685.593
        },
        "data_sent": {
            "count": 934571,
            "rate": 18675.039749135238
        },
        "checks": {
            "passes": 8973,
            "fails": 0,
            "value": 1
        },
        "http_req_sending": {
            "avg": 0.023785133177309237,
            "min": 0.002,
            "med": 0.016,
            "max": 3.036,
            "p(90)": 0.034,
            "p(95)": 0.047
        },
        "http_req_waiting": {
            "max": 685.563,
            "p(90)": 393.9272,
            "p(95)": 490.971,
            "avg": 223.05727404435527,
            "min": 2.717,
            "med": 206.612
        },
        "vus": {
            "value": 1,
            "min": 1,
            "max": 50
        },
        "data_received": {
            "count": 10466745,
            "rate": 209151.4490809821
        },
        "http_req_blocked": {
            "min": 0,
            "med": 0.004,
            "max": 5.899,
            "p(90)": 0.009,
            "p(95)": 0.011,
            "avg": 0.009961774211523725
        },
        "http_reqs": {
            "count": 8973,
            "rate": 179.30272998947163
        },
        "success_total": {
            "count": 8973,
            "rate": 179.30272998947163
        },
        "http_req_connecting": {
            "avg": 0.0033629778223559573,
            "min": 0,
            "med": 0,
            "max": 5.715,
            "p(90)": 0,
            "p(95)": 0
        },
        "iteration_duration": {
            "p(90)": 393.9390582,
            "p(95)": 490.8633411999999,
            "avg": 223.2108631290541,
            "min": 2.836041,
            "med": 206.841125,
            "max": 684.749
        },
        "iterations": {
            "rate": 179.30272998947163,
            "count": 8973
        },
        "vus_max": {
            "value": 50,
            "min": 50,
            "max": 50
        },
        "http_req_duration{expected_response:true}": {
            "avg": 223.15847743229713,
            "min": 2.755,
            "med": 206.706,
            "max": 685.593,
            "p(90)": 394.0398,
            "p(95)": 491.04619999999994
        },
        "http_req_tls_handshaking": {
            "max": 0,
            "p(90)": 0,
            "p(95)": 0,
            "avg": 0,
            "min": 0,
            "med": 0
        },
        "http_req_receiving": {
            "avg": 0.07741825476429261,
            "min": 0.009,
            "med": 0.056,
            "max": 8.216,
            "p(90)": 0.131,
            "p(95)": 0.17739999999999959
        },
        "http_req_failed": {
            "passes": 0,
            "fails": 8973,
            "value": 0
        }
    },
    "root_group": {
        "name": "",
        "path": "",
        "id": "d41d8cd98f00b204e9800998ecf8427e",
        "groups": {},
        "checks": {
                "POST /orders 201": {
                    "name": "POST /orders 201",
                    "path": "::POST /orders 201",
                    "id": "4b499a5302314fdd343249234e5fd479",
                    "passes": 1798,
                    "fails": 0
                },
                "GET /orders?user_id 200": {
                    "path": "::GET /orders?user_id 200",
                    "id": "ab0b46c92b84870e38e5a604ac36187b",
                    "passes": 2715,
                    "fails": 0,
                    "name": "GET /orders?user_id 200"
                },
                "GET /orders/:id 200": {
                    "path": "::GET /orders/:id 200",
                    "id": "ca384c3a859ffb946ea1d7d59aff1eec",
                    "passes": 4460,
                    "fails": 0,
                    "name": "GET /orders/:id 200"
                }
            }
    }
}