{
    "root_group": {
        "checks": {
            "GET /orders/:id 200": {
                "passes": 2282,
                "fails": 0,
                "name": "GET /orders/:id 200",
                "path": "::GET /orders/:id 200",
                "id": "ca384c3a859ffb946ea1d7d59aff1eec"
            },
            "POST /orders 201": {
                "name": "POST /orders 201",
                "path": "::POST /orders 201",
                "id": "4b499a5302314fdd343249234e5fd479",
                "passes": 907,
                "fails": 0
            },
            "GET /orders?user_id 200": {
                "fails": 0,
                "name": "GET /orders?user_id 200",
                "path": "::GET /orders?user_id 200",
                "id": "ab0b46c92b84870e38e5a604ac36187b",
                "passes": 1364
            }
        },
        "name": "",
        "path": "",
        "id": "d41d8cd98f00b204e9800998ecf8427e",
        "groups": {}
    },
    "metrics": {
        "http_req_duration{expected_response:true}": {
            "p(95)": 1519.961799999995,
            "avg": 885.0263404348781,
            "min": 2.531,
            "med": 903.269,
            "max": 1896.328,
            "p(90)": 1405.0528
        },
        "http_req_tls_handshaking": {
            "avg": 0,
            "min": 0,
            "med": 0,
            "max": 0,
            "p(90)": 0,
            "p(95)": 0
        },
        "http_req_blocked": {
            "p(90)": 0.01,
            "p(95)": 0.016,
            "avg": 0.018653195695146296,
            "min": 0,
            "med": 0.004,
            "max": 2.393
        },
        "http_req_sending": {
            "avg": 0.0223918295629259,
            "min": 0.001,
            "med": 0.014,
            "max": 1.043,
            "p(90)": 0.037,
            "p(95)": 0.06
        },
        "http_req_failed": {
            "passes": 0,
            "fails": 4553,
            "value": 0
        },
        "http_reqs": {
            "count": 4553,
            "rate": 90.93537488742429
        },
        "vus_max": {
            "value": 100,
            "min": 100,
            "max": 100
        },
        "http_req_connecting": {
            "avg": 0.009913244014935213,
            "min": 0,
            "med": 0,
            "max": 0.702,
            "p(90)": 0,
            "p(95)": 0
        },
        "success_total": {
            "count": 4553,
            "rate": 90.93537488742429
        },
        "http_req_receiving": {
            "p(90)": 0.146,
            "p(95)": 0.195,
            "avg": 0.07702394025916932,
            "min": 0.007,
            "med": 0.045,
            "max": 4.967
        },
        "data_sent": {
            "count": 473557,
            "rate": 9458.177756548206
        },
        "iteration_duration": {
            "med": 903.506208,
            "max": 1896.433708,
            "p(90)": 1405.1649752,
            "p(95)": 1520.103100199995,
            "avg": 885.259334384582,
            "min": 2.57575
        },
        "iterations": {
            "rate": 90.93537488742429,
            "count": 4553
        },
        "vus": {
            "min": 1,
            "max": 100,
            "value": 1
        },
        "checks": {
            "fails": 0,
            "passes": 4553,
            "value": 1
        },
        "http_req_duration": {
            "avg": 885.0263404348781,
            "min": 2.531,
            "med": 903.269,
            "max": 1896.328,
            "p(90)": 1405.0528,
            "p(95)": 1519.961799999995
        },
        "data_received": {
            "rate": 93709.95238445616,
            "count": 4691919
        },
        "http_req_waiting": {
            "p(95)": 1519.910199999995,
            "avg": 884.9269246650558,
            "min": 2.488,
            "med": 903.239,
            "max": 1896.277,
            "p(90)": 1404.9984000000002
        }
    }
}