{
    "root_group": {
        "id": "d41d8cd98f00b204e9800998ecf8427e",
        "groups": {},
        "checks": {
                "POST /orders 201": {
                    "name": "POST /orders 201",
                    "path": "::POST /orders 201",
                    "id": "4b499a5302314fdd343249234e5fd479",
                    "passes": 887,
                    "fails": 0
                },
                "GET /orders/:id 200": {
                    "name": "GET /orders/:id 200",
                    "path": "::GET /orders/:id 200",
                    "id": "ca384c3a859ffb946ea1d7d59aff1eec",
                    "passes": 2375,
                    "fails": 0
                },
                "GET /orders?user_id 200": {
                    "fails": 0,
                    "name": "GET /orders?user_id 200",
                    "path": "::GET /orders?user_id 200",
                    "id": "ab0b46c92b84870e38e5a604ac36187b",
                    "passes": 1383
                }
            },
        "name": "",
        "path": ""
    },
    "metrics": {
        "iteration_duration": {
            "p(90)": 1396.3004496,
            "p(95)": 1497.4920666,
            "avg": 867.5471591379978,
            "min": 2.470208,
            "med": 896.665917,
            "max": 2200.067042
        },
        "vus": {
            "value": 1,
            "min": 1,
            "max": 100
        },
        "http_req_duration": {
            "med": 896.552,
            "max": 2199.828,
            "p(90)": 1396.0626,
            "p(95)": 1497.316,
            "avg": 867.336429278795,
            "min": 2.441
        },
        "success_total": {
            "count": 4645,
            "rate": 92.89493536812373
        },
        "checks": {
            "passes": 4645,
            "fails": 0,
            "value": 1
        },
        "data_received": {
            "rate": 95274.26564703693,
            "count": 4763973
        },
        "vus_max": {
            "value": 100,
            "min": 100,
            "max": 100
        },
        "http_req_receiving": {
            "med": 0.046,
            "max": 3.039,
            "p(90)": 0.1246000000000001,
            "p(95)": 0.156,
            "avg": 0.06600129171151747,
            "min": 0.008
        },
        "http_req_sending": {
            "max": 1.3,
            "p(90)": 0.036,
            "p(95)": 0.05279999999999979,
            "avg": 0.021958880516685042,
            "min": 0.002,
            "med": 0.014
        },
        "http_req_blocked": {
            "p(90)": 0.009,
            "p(95)": 0.015,
            "avg": 0.016664585575888395,
            "min": 0,
            "med": 0.004,
            "max": 2.871
        },
        "http_req_tls_handshaking": {
            "p(95)": 0,
            "avg": 0,
            "min": 0,
            "med": 0,
            "max": 0,
            "p(90)": 0
        },
        "http_req_failed": {
            "passes": 0,
            "fails": 4645,
            "value": 0
        },
        "http_req_duration{expected_response:true}": {
            "avg": 867.336429278795,
            "min": 2.441,
            "med": 896.552,
            "max": 2199.828,
            "p(90)": 1396.0626,
            "p(95)": 1497.316
        },
        "data_sent": {
            "count": 479589,
            "rate": 9591.257084663743
        },
        "iterations": {
            "rate": 92.89493536812373,
            "count": 4645
        },
        "http_reqs": {
            "count": 4645,
            "rate": 92.89493536812373
        },
        "http_req_connecting": {
            "med": 0,
            "max": 2.746,
            "p(90)": 0,
            "p(95)": 0,
            "avg": 0.008905489773950486,
            "min": 0
        },
        "http_req_waiting": {
            "avg": 867.2484691065687,
            "min": 2.428,
            "med": 896.505,
            "max": 2199.696,
            "p(90)": 1395.9486,
            "p(95)": 1497.264
        }
    }
}