{
    "metrics": {
        "http_req_sending": {
            "avg": 0.023708100079972073,
            "min": 0.001,
            "med": 0.015,
            "max": 2.846,
            "p(90)": 0.034,
            "p(95)": 0.045
        },
        "data_received": {
            "count": 9916722,
            "rate": 198360.86563451984
        },
        "vus": {
            "value": 1,
            "min": 0,
            "max": 10
        },
        "http_req_blocked": {
            "p(90)": 0.009,
            "p(95)": 0.011,
            "avg": 0.008394379070033252,
            "min": 0,
            "med": 0.004,
            "max": 5.605
        },
        "success_total": {
            "count": 8753,
            "rate": 175.0833246005033
        },
        "http_req_failed": {
            "passes": 0,
            "fails": 8753,
            "value": 0
        },
        "iterations": {
            "count": 8753,
            "rate": 175.0833246005033
        },
        "http_req_tls_handshaking": {
            "avg": 0,
            "min": 0,
            "med": 0,
            "max": 0,
            "p(90)": 0,
            "p(95)": 0
        },
        "checks": {
            "passes": 8753,
            "fails": 0,
            "value": 1
        },
        "data_sent": {
            "count": 910742,
            "rate": 18217.26690429699
        },
        "http_req_receiving": {
            "p(95)": 0.2843999999999996,
            "avg": 0.25876670855706546,
            "min": 0.005,
            "med": 0.062,
            "max": 74.694,
            "p(90)": 0.19
        },
        "http_req_connecting": {
            "max": 0.738,
            "p(90)": 0,
            "p(95)": 0,
            "avg": 0.00045230206786244724,
            "min": 0,
            "med": 0
        },
        "iteration_duration": {
            "min": 3.800292,
            "med": 36.719292,
            "max": 454.473958,
            "p(90)": 90.426125,
            "p(95)": 93.5618332,
            "avg": 45.70743309928039
        },
        "http_req_waiting": {
            "avg": 45.20746018507932,
            "min": 3.613,
            "med": 36.173,
            "max": 453.225,
            "p(90)": 90.002,
            "p(95)": 93.1386
        },
        "http_reqs": {
            "count": 8753,
            "rate": 175.0833246005033
        },
        "http_req_duration{expected_response:true}": {
            "p(90)": 90.2008,
            "p(95)": 93.2906,
            "avg": 45.489934993716325,
            "min": 3.74,
            "med": 36.522,
            "max": 453.504
        },
        "vus_max": {
            "min": 10,
            "max": 10,
            "value": 10
        },
        "http_req_duration": {
            "p(90)": 90.2008,
            "p(95)": 93.2906,
            "avg": 45.489934993716325,
            "min": 3.74,
            "med": 36.522,
            "max": 453.504
        }
    },
    "root_group": {
        "name": "",
        "path": "",
        "id": "d41d8cd98f00b204e9800998ecf8427e",
        "groups": {},
        "checks": {
                "GET /orders/:id 200": {
                    "name": "GET /orders/:id 200",
                    "path": "::GET /orders/:id 200",
                    "id": "ca384c3a859ffb946ea1d7d59aff1eec",
                    "passes": 4410,
                    "fails": 0
                },
                "POST /orders 201": {
                    "fails": 0,
                    "name": "POST /orders 201",
                    "path": "::POST /orders 201",
                    "id": "4b499a5302314fdd343249234e5fd479",
                    "passes": 1753
                },
                "GET /orders?user_id 200": {
                    "path": "::GET /orders?user_id 200",
                    "id": "ab0b46c92b84870e38e5a604ac36187b",
                    "passes": 2590,
                    "fails": 0,
                    "name": "GET /orders?user_id 200"
                }
            }
    }
}