{
    "metrics": {
        "checks": {
            "passes": 10680,
            "fails": 0,
            "value": 1
        },
        "http_req_duration": {
            "p(95)": 300.41504999999995,
            "avg": 187.27472097378222,
            "min": 3.526,
            "med": 200.139,
            "max": 394.5,
            "p(90)": 296.1634
        },
        "http_req_sending": {
            "avg": 0.024127340823969334,
            "min": 0.001,
            "med": 0.015,
            "max": 5.535,
            "p(90)": 0.033,
            "p(95)": 0.046
        },
        "http_req_blocked": {
            "max": 7.288,
            "p(90)": 0.009,
            "p(95)": 0.011,
            "avg": 0.012429307116104878,
            "min": 0,
            "med": 0.004
        },
        "data_received": {
            "count": 12048550,
            "rate": 240967.57344110566
        },
        "http_req_connecting": {
            "avg": 0.005362453183520599,
            "min": 0,
            "med": 0,
            "max": 7.155,
            "p(90)": 0,
            "p(95)": 0
        },
        "http_req_tls_handshaking": {
            "avg": 0,
            "min": 0,
            "med": 0,
            "max": 0,
            "p(90)": 0,
            "p(95)": 0
        },
        "vus_max": {
            "value": 50,
            "min": 50,
            "max": 50
        },
        "success_total": {
            "count": 10680,
            "rate": 213.5969626511911
        },
        "iterations": {
            "count": 10680,
            "rate": 213.5969626511911
        },
        "data_sent": {
            "count": 1112351,
            "rate": 22246.703651874068
        },
        "vus": {
            "max": 50,
            "value": 1,
            "min": 1
        },
        "iteration_duration": {
            "avg": 187.48891463295877,
            "min": 3.588458,
            "med": 200.31289600000002,
            "max": 394.675375,
            "p(90)": 296.3835169,
            "p(95)": 300.63547145
        },
        "http_req_duration{expected_response:true}": {
            "avg": 187.27472097378222,
            "min": 3.526,
            "med": 200.139,
            "max": 394.5,
            "p(90)": 296.1634,
            "p(95)": 300.41504999999995
        },
        "http_req_failed": {
            "passes": 0,
            "fails": 10680,
            "value": 0
        },
        "http_req_waiting": {
            "avg": 186.8911272471913,
            "min": 3.445,
            "med": 200.0355,
            "max": 394.422,
            "p(90)": 296.0383,
            "p(95)": 300.20125
        },
        "http_reqs": {
            "count": 10680,
            "rate": 213.5969626511911
        },
        "http_req_receiving": {
            "med": 0.061,
            "max": 60.449,
            "p(90)": 0.204,
            "p(95)": 0.31,
            "avg": 0.35946638576778944,
            "min": 0.008
        }
    },
    "root_group": {
        "name": "",
        "path": "",
        "id": "d41d8cd98f00b204e9800998ecf8427e",
        "groups": {},
        "checks": {
                "GET /orders?user_id 200": {
                    "name": "GET /orders?user_id 200",
                    "path": "::GET /orders?user_id 200",
                    "id": "ab0b46c92b84870e38e5a604ac36187b",
                    "passes": 3140,
                    "fails": 0
                },
                "GET /orders/:id 200": {
                    "name": "GET /orders/:id 200",
                    "path": "::GET /orders/:id 200",
                    "id": "ca384c3a859ffb946ea1d7d59aff1eec",
                    "passes": 5387,
                    "fails": 0
                },
                "POST /orders 201": {
                    "name": "POST /orders 201",
                    "path": "::POST /orders 201",
                    "id": "4b499a5302314fdd343249234e5fd479",
                    "passes": 2153,
                    "fails": 0
                }
            }
    }
}