{
    "root_group": {
        "name": "",
        "path": "",
        "id": "d41d8cd98f00b204e9800998ecf8427e",
        "groups": {},
        "checks": {
                "GET /orders/:id 200": {
                    "name": "GET /orders/:id 200",
                    "path": "::GET /orders/:id 200",
                    "id": "ca384c3a859ffb946ea1d7d59aff1eec",
                    "passes": 8356,
                    "fails": 0
                },
                "GET /orders?user_id 200": {
                    "passes": 4983,
                    "fails": 0,
                    "name": "GET /orders?user_id 200",
                    "path": "::GET /orders?user_id 200",
                    "id": "ab0b46c92b84870e38e5a604ac36187b"
                },
                "POST /orders 201": {
                    "name": "POST /orders 201",
                    "path": "::POST /orders 201",
                    "id": "4b499a5302314fdd343249234e5fd479",
                    "passes": 3281,
                    "fails": 0
                }
            }
    },
    "metrics": {
        "data_sent": {
            "rate": 34515.30685398768,
            "count": 1725987
        },
        "iterations": {
            "count": 16620,
            "rate": 332.35731202684326
        },
        "http_reqs": {
            "count": 16620,
            "rate": 332.35731202684326
        },
        "http_req_waiting": {
            "avg": 1216.0325216004828,
            "min": 2.419,
            "med": 1255.1395,
            "max": 2099.606,
            "p(90)": 1896.132,
            "p(95)": 1944.9300500000002
        },
        "vus": {
            "value": 2,
            "min": 2,
            "max": 500
        },
        "success_total": {
            "rate": 332.35731202684326,
            "count": 16620
        },
        "checks": {
            "passes": 16620,
            "fails": 0,
            "value": 1
        },
        "http_req_blocked": {
            "p(90)": 0.009,
            "p(95)": 0.019,
            "avg": 0.021519253910948215,
            "min": 0,
            "med": 0.003,
            "max": 11.888
        },
        "http_req_receiving": {
            "avg": 0.06066750902527023,
            "min": 0.007,
            "med": 0.042,
            "max": 2.822,
            "p(90)": 0.111,
            "p(95)": 0.158
        },
        "http_req_tls_handshaking": {
            "avg": 0,
            "min": 0,
            "med": 0,
            "max": 0,
            "p(90)": 0,
            "p(95)": 0
        },
        "http_req_sending": {
            "avg": 0.020123646209385282,
            "min": 0.001,
            "med": 0.012,
            "max": 2.608,
            "p(90)": 0.033,
            "p(95)": 0.053
        },
        "http_req_duration{expected_response:true}": {
            "med": 1255.1945,
            "max": 2099.648,
            "p(90)": 1896.2226,
            "p(95)": 1945.0150500000002,
            "avg": 1216.1133127557061,
            "min": 2.486
        },
        "data_received": {
            "count": 17945615,
            "rate": 358866.2072243441
        },
        "vus_max": {
            "value": 500,
            "min": 500,
            "max": 500
        },
        "iteration_duration": {
            "avg": 1216.3000785290644,
            "min": 2.637709,
            "med": 1255.3277085,
            "max": 2099.762333,
            "p(90)": 1896.4107878,
            "p(95)": 1945.2101541499999
        },
        "http_req_duration": {
            "p(95)": 1945.0150500000002,
            "avg": 1216.1133127557061,
            "min": 2.486,
            "med": 1255.1945,
            "max": 2099.648,
            "p(90)": 1896.2226
        },
        "http_req_connecting": {
            "avg": 0.01334253910950662,
            "min": 0,
            "med": 0,
            "max": 11.673,
            "p(90)": 0,
            "p(95)": 0
        },
        "http_req_failed": {
            "passes": 0,
            "fails": 16620,
            "value": 0
        }
    }
}