{
    "root_group": {
        "groups": {},
        "checks": {
                "GET /orders?user_id 200": {
                    "path": "::GET /orders?user_id 200",
                    "id": "ab0b46c92b84870e38e5a604ac36187b",
                    "passes": 13630,
                    "fails": 0,
                    "name": "GET /orders?user_id 200"
                },
                "GET /orders/:id 200": {
                    "name": "GET /orders/:id 200",
                    "path": "::GET /orders/:id 200",
                    "id": "ca384c3a859ffb946ea1d7d59aff1eec",
                    "passes": 22498,
                    "fails": 0
                },
                "POST /orders 201": {
                    "id": "4b499a5302314fdd343249234e5fd479",
                    "passes": 8945,
                    "fails": 0,
                    "name": "POST /orders 201",
                    "path": "::POST /orders 201"
                }
            },
        "name": "",
        "path": "",
        "id": "d41d8cd98f00b204e9800998ecf8427e"
    },
    "metrics": {
        "success_total": {
            "count": 45073,
            "rate": 901.4148571439542
        },
        "http_req_connecting": {
            "avg": 0.0042807889423823525,
            "min": 0,
            "med": 0,
            "max": 2.65,
            "p(90)": 0,
            "p(95)": 0
        },
        "http_req_sending": {
            "p(90)": 0.02,
            "p(95)": 0.028,
            "avg": 0.013594236017125396,
            "min": 0.001,
            "med": 0.01,
            "max": 2.831
        },
        "http_req_duration": {
            "avg": 445.1148240410013,
            "min": 4.469,
            "med": 520.103,
            "max": 622.193,
            "p(90)": 580.051,
            "p(95)": 584.7414
        },
        "data_sent": {
            "count": 4686826,
            "rate": 93731.82591015841
        },
        "http_req_tls_handshaking": {
            "avg": 0,
            "min": 0,
            "med": 0,
            "max": 0,
            "p(90)": 0,
            "p(95)": 0
        },
        "http_req_receiving": {
            "p(95)": 0.091,
            "avg": 0.043257094047432845,
            "min": 0.005,
            "med": 0.033,
            "max": 7.077,
            "p(90)": 0.067
        },
        "http_reqs": {
            "count": 45073,
            "rate": 901.4148571439542
        },
        "http_req_duration{expected_response:true}": {
            "min": 4.469,
            "med": 520.103,
            "max": 622.193,
            "p(90)": 580.051,
            "p(95)": 584.7414,
            "avg": 445.1148240410013
        },
        "http_req_waiting": {
            "max": 622.145,
            "p(90)": 579.991,
            "p(95)": 584.6898,
            "avg": 445.0579727109341,
            "min": 4.454,
            "med": 520.048
        },
        "data_received": {
            "count": 49346552,
            "rate": 986881.6169686222
        },
        "http_req_failed": {
            "passes": 0,
            "fails": 45073,
            "value": 0
        },
        "iteration_duration": {
            "avg": 445.2570009961138,
            "min": 4.493084,
            "med": 520.232292,
            "max": 622.299041,
            "p(90)": 580.2106254,
            "p(95)": 584.8826834
        },
        "iterations": {
            "count": 45073,
            "rate": 901.4148571439542
        },
        "vus_max": {
            "max": 500,
            "value": 500,
            "min": 500
        },
        "vus": {
            "value": 2,
            "min": 2,
            "max": 500
        },
        "checks": {
            "passes": 45073,
            "fails": 0,
            "value": 1
        },
        "http_req_blocked": {
            "p(90)": 0.005,
            "p(95)": 0.007,
            "avg": 0.009064828167638076,
            "min": 0,
            "med": 0.003,
            "max": 2.756
        }
    }
}