{
    "metrics": {
        "data_received": {
            "count": 47143670,
            "rate": 942784.9290622568
        },
        "http_req_failed": {
            "passes": 0,
            "fails": 43449,
            "value": 0
        },
        "vus_max": {
            "max": 50,
            "value": 50,
            "min": 50
        },
        "http_req_duration{expected_response:true}": {
            "med": 36.309,
            "max": 229.952,
            "p(90)": 78.8302,
            "p(95)": 82.1226,
            "avg": 45.885824161660736,
            "min": 3.787
        },
        "iteration_duration": {
            "min": 3.899333,
            "med": 36.448416,
            "max": 230.029875,
            "p(90)": 78.9635578,
            "p(95)": 82.26905860000001,
            "avg": 46.0246070930055
        },
        "vus": {
            "min": 1,
            "max": 50,
            "value": 1
        },
        "http_req_sending": {
            "min": 0.001,
            "med": 0.01,
            "max": 4.659,
            "p(90)": 0.02,
            "p(95)": 0.028,
            "avg": 0.014256116366312258
        },
        "success_total": {
            "rate": 868.8984625682726,
            "count": 43449
        },
        "http_req_duration": {
            "p(95)": 82.1226,
            "avg": 45.885824161660736,
            "min": 3.787,
            "med": 36.309,
            "max": 229.952,
            "p(90)": 78.8302
        },
        "http_req_waiting": {
            "min": 3.737,
            "med": 36.25,
            "max": 229.914,
            "p(90)": 78.771,
            "p(95)": 82.06239999999998,
            "avg": 45.826525926949245
        },
        "http_req_blocked": {
            "p(90)": 0.005,
            "p(95)": 0.007,
            "avg": 0.004439181569195225,
            "min": 0,
            "med": 0.003,
            "max": 1.214
        },
        "checks": {
            "passes": 43449,
            "fails": 0,
            "value": 1
        },
        "data_sent": {
            "count": 4532274,
            "rate": 90636.97462630107
        },
        "iterations": {
            "count": 43449,
            "rate": 868.8984625682726
        },
        "http_req_connecting": {
            "max": 1.109,
            "p(90)": 0,
            "p(95)": 0,
            "avg": 0.0004443600543165551,
            "min": 0,
            "med": 0
        },
        "http_reqs": {
            "count": 43449,
            "rate": 868.8984625682726
        },
        "http_req_receiving": {
            "avg": 0.04504211834564474,
            "min": 0.005,
            "med": 0.032,
            "max": 6.982,
            "p(90)": 0.068,
            "p(95)": 0.094
        },
        "http_req_tls_handshaking": {
            "max": 0,
            "p(90)": 0,
            "p(95)": 0,
            "avg": 0,
            "min": 0,
            "med": 0
        }
    },
    "root_group": {
        "checks": {
            "GET /orders?user_id 200": {
                "fails": 0,
                "name": "GET /orders?user_id 200",
                "path": "::GET /orders?user_id 200",
                "id": "ab0b46c92b84870e38e5a604ac36187b",
                "passes": 12986
            },
            "GET /orders/:id 200": {
                "name": "GET /orders/:id 200",
                "path": "::GET /orders/:id 200",
                "id": "ca384c3a859ffb946ea1d7d59aff1eec",
                "passes": 21657,
                "fails": 0
            },
            "POST /orders 201": {
                "name": "POST /orders 201",
                "path": "::POST /orders 201",
                "id": "4b499a5302314fdd343249234e5fd479",
                "passes": 8806,
                "fails": 0
            }
        },
        "name": "",
        "path": "",
        "id": "d41d8cd98f00b204e9800998ecf8427e",
        "groups": {}
    }
}