{
    "metrics": {
        "http_req_sending": {
            "med": 0.01,
            "max": 2.573,
            "p(90)": 0.02,
            "p(95)": 0.027,
            "avg": 0.014233245333701749,
            "min": 0.001
        },
        "http_req_blocked": {
            "p(90)": 0.005,
            "p(95)": 0.007,
            "avg": 0.004794358760593468,
            "min": 0,
            "med": 0.003,
            "max": 5.734
        },
        "success_total": {
            "count": 43182,
            "rate": 863.6339200172031
        },
        "http_req_connecting": {
            "min": 0,
            "med": 0,
            "max": 1.288,
            "p(90)": 0,
            "p(95)": 0,
            "avg": 0.00048529479875874214
        },
        "http_req_receiving": {
            "p(90)": 0.069,
            "p(95)": 0.095,
            "avg": 0.04616342457505307,
            "min": 0.004,
            "med": 0.033,
            "max": 6.238
        },
        "data_received": {
            "count": 46786285,
            "rate": 935719.1125374477
        },
        "iteration_duration": {
            "p(90)": 79.9190378,
            "p(95)": 83.0076997,
            "avg": 46.32251943798304,
            "min": 4.166584,
            "med": 36.094187500000004,
            "max": 235.348583
        },
        "checks": {
            "passes": 43182,
            "fails": 0,
            "value": 1
        },
        "vus": {
            "value": 1,
            "min": 1,
            "max": 50
        },
        "http_req_waiting": {
            "avg": 46.118512667315336,
            "min": 3.945,
            "med": 35.8545,
            "max": 234.095,
            "p(90)": 79.711,
            "p(95)": 82.78095
        },
        "iterations": {
            "count": 43182,
            "rate": 863.6339200172031
        },
        "http_reqs": {
            "count": 43182,
            "rate": 863.6339200172031
        },
        "http_req_duration{expected_response:true}": {
            "avg": 46.17890933722316,
            "min": 4.013,
            "med": 35.931,
            "max": 234.329,
            "p(90)": 79.76689999999999,
            "p(95)": 82.837
        },
        "http_req_failed": {
            "passes": 0,
            "fails": 43182,
            "value": 0
        },
        "data_sent": {
            "count": 4497746,
            "rate": 89954.28672182148
        },
        "http_req_duration": {
            "max": 234.329,
            "p(90)": 79.76689999999999,
            "p(95)": 82.837,
            "avg": 46.17890933722316,
            "min": 4.013,
            "med": 35.931
        },
        "vus_max": {
            "value": 50,
            "min": 50,
            "max": 50
        },
        "http_req_tls_handshaking": {
            "max": 0,
            "p(90)": 0,
            "p(95)": 0,
            "avg": 0,
            "min": 0,
            "med": 0
        }
    },
    "root_group": {
        "id": "d41d8cd98f00b204e9800998ecf8427e",
        "groups": {},
        "checks": {
                "GET /orders/:id 200": {
                    "name": "GET /orders/:id 200",
                    "path": "::GET /orders/:id 200",
                    "id": "ca384c3a859ffb946ea1d7d59aff1eec",
                    "passes": 21618,
                    "fails": 0
                },
                "GET /orders?user_id 200": {
                    "name": "GET /orders?user_id 200",
                    "path": "::GET /orders?user_id 200",
                    "id": "ab0b46c92b84870e38e5a604ac36187b",
                    "passes": 12883,
                    "fails": 0
                },
                "POST /orders 201": {
                    "path": "::POST /orders 201",
                    "id": "4b499a5302314fdd343249234e5fd479",
                    "passes": 8681,
                    "fails": 0,
                    "name": "POST /orders 201"
                }
            },
        "name": "",
        "path": ""
    }
}