{
    "root_group": {
        "name": "",
        "path": "",
        "id": "d41d8cd98f00b204e9800998ecf8427e",
        "groups": {},
        "checks": {
                "POST /orders 201": {
                    "id": "4b499a5302314fdd343249234e5fd479",
                    "passes": 8746,
                    "fails": 0,
                    "name": "POST /orders 201",
                    "path": "::POST /orders 201"
                },
                "GET /orders?user_id 200": {
                    "passes": 13312,
                    "fails": 0,
                    "name": "GET /orders?user_id 200",
                    "path": "::GET /orders?user_id 200",
                    "id": "ab0b46c92b84870e38e5a604ac36187b"
                },
                "GET /orders/:id 200": {
                    "fails": 0,
                    "name": "GET /orders/:id 200",
                    "path": "::GET /orders/:id 200",
                    "id": "ca384c3a859ffb946ea1d7d59aff1eec",
                    "passes": 22192
                }
            }
    },
    "metrics": {
        "http_req_blocked": {
            "p(95)": 0.007,
            "avg": 0.005366305084743901,
            "min": 0,
            "med": 0.003,
            "max": 6.788,
            "p(90)": 0.005
        },
        "iterations": {
            "count": 44250,
            "rate": 884.926267943355
        },
        "http_req_duration": {
            "avg": 90.29977087005736,
            "min": 4.256,
            "med": 102.287,
            "max": 199.91,
            "p(90)": 116.73010000000001,
            "p(95)": 149.81455
        },
        "http_req_tls_handshaking": {
            "min": 0,
            "med": 0,
            "max": 0,
            "p(90)": 0,
            "p(95)": 0,
            "avg": 0
        },
        "checks": {
            "passes": 44250,
            "fails": 0,
            "value": 1
        },
        "vus_max": {
            "value": 100,
            "min": 100,
            "max": 100
        },
        "http_req_connecting": {
            "min": 0,
            "med": 0,
            "max": 3.124,
            "p(90)": 0,
            "p(95)": 0,
            "avg": 0.0010515932203389831
        },
        "http_reqs": {
            "count": 44250,
            "rate": 884.926267943355
        },
        "http_req_failed": {
            "passes": 0,
            "fails": 44250,
            "value": 0
        },
        "success_total": {
            "count": 44250,
            "rate": 884.926267943355
        },
        "http_req_duration{expected_response:true}": {
            "p(90)": 116.73010000000001,
            "p(95)": 149.81455,
            "avg": 90.29977087005736,
            "min": 4.256,
            "med": 102.287,
            "max": 199.91
        },
        "http_req_waiting": {
            "avg": 90.23962488135581,
            "min": 4.236,
            "med": 102.2345,
            "max": 199.858,
            "p(90)": 116.66510000000001,
            "p(95)": 149.77575
        },
        "iteration_duration": {
            "max": 200.075167,
            "p(90)": 116.8679785,
            "p(95)": 150.00572705,
            "avg": 90.44242759586422,
            "min": 4.309208,
            "med": 102.414604
        },
        "vus": {
            "max": 100,
            "value": 1,
            "min": 1
        },
        "http_req_receiving": {
            "avg": 0.046177129943501156,
            "min": 0.006,
            "med": 0.034,
            "max": 6.12,
            "p(90)": 0.071,
            "p(95)": 0.098
        },
        "data_received": {
            "rate": 965018.8746273661,
            "count": 48254964
        },
        "http_req_sending": {
            "avg": 0.013968858757060098,
            "min": 0.001,
            "med": 0.01,
            "max": 2.769,
            "p(90)": 0.02,
            "p(95)": 0.027
        },
        "data_sent": {
            "count": 4597227,
            "rate": 91936.87981917347
        }
    }
}