{
    "root_group": {
        "checks": {
            "GET /orders/:id 200": {
                "id": "ca384c3a859ffb946ea1d7d59aff1eec",
                "passes": 19325,
                "fails": 0,
                "name": "GET /orders/:id 200",
                "path": "::GET /orders/:id 200"
            },
            "POST /orders 201": {
                "name": "POST /orders 201",
                "path": "::POST /orders 201",
                "id": "4b499a5302314fdd343249234e5fd479",
                "passes": 7777,
                "fails": 0
            },
            "GET /orders?user_id 200": {
                "name": "GET /orders?user_id 200",
                "path": "::GET /orders?user_id 200",
                "id": "ab0b46c92b84870e38e5a604ac36187b",
                "passes": 11733,
                "fails": 0
            }
        },
        "name": "",
        "path": "",
        "id": "d41d8cd98f00b204e9800998ecf8427e",
        "groups": {}
    },
    "metrics": {
        "http_req_tls_handshaking": {
            "max": 0,
            "p(90)": 0,
            "p(95)": 0,
            "avg": 0,
            "min": 0,
            "med": 0
        },
        "iterations": {
            "count": 38835,
            "rate": 776.6456192737385
        },
        "http_req_sending": {
            "avg": 0.015768482039395935,
            "min": 0.001,
            "med": 0.012,
            "max": 3.881,
            "p(90)": 0.023,
            "p(95)": 0.031
        },
        "vus": {
            "value": 2,
            "min": 2,
            "max": 500
        },
        "http_req_duration": {
            "med": 528.584,
            "max": 920.567,
            "p(90)": 804.2765999999999,
            "p(95)": 824.7773,
            "avg": 517.0799245268404,
            "min": 3.53
        },
        "http_req_connecting": {
            "max": 3.064,
            "p(90)": 0,
            "p(95)": 0,
            "avg": 0.005254589931762586,
            "min": 0,
            "med": 0
        },
        "http_req_failed": {
            "passes": 0,
            "fails": 38835,
            "value": 0
        },
        "checks": {
            "passes": 38835,
            "fails": 0,
            "value": 1
        },
        "success_total": {
            "count": 38835,
            "rate": 776.6456192737385
        },
        "http_reqs": {
            "count": 38835,
            "rate": 776.6456192737385
        },
        "http_req_receiving": {
            "avg": 0.10473366808291452,
            "min": 0.005,
            "med": 0.049,
            "max": 22.02,
            "p(90)": 0.178,
            "p(95)": 0.267
        },
        "http_req_waiting": {
            "avg": 516.9594223767226,
            "min": 3.506,
            "med": 528.524,
            "max": 920.47,
            "p(90)": 804.1754000000001,
            "p(95)": 824.6912
        },
        "http_req_blocked": {
            "min": 0,
            "med": 0.003,
            "max": 3.321,
            "p(90)": 0.006,
            "p(95)": 0.008,
            "avg": 0.010058169177285185
        },
        "iteration_duration": {
            "med": 528.815625,
            "max": 920.758167,
            "p(90)": 804.4077078,
            "p(95)": 824.8883955,
            "avg": 517.2235135963208,
            "min": 3.573042
        },
        "data_sent": {
            "count": 4044418,
            "rate": 80882.69659358452
        },
        "vus_max": {
            "min": 500,
            "max": 500,
            "value": 500
        },
        "http_req_duration{expected_response:true}": {
            "avg": 517.0799245268404,
            "min": 3.53,
            "med": 528.584,
            "max": 920.567,
            "p(90)": 804.2765999999999,
            "p(95)": 824.7773
        },
        "data_received": {
            "count": 44710850,
            "rate": 894154.3913095205
        }
    }
}