{
    "metrics": {
        "http_req_duration": {
            "avg": 94.96213413503813,
            "min": 3.716,
            "med": 96.183,
            "max": 213.942,
            "p(90)": 151.621,
            "p(95)": 161.24720000000002
        },
        "http_req_sending": {
            "med": 0.013,
            "max": 3.531,
            "p(90)": 0.025,
            "p(95)": 0.032,
            "avg": 0.01726739073603008,
            "min": 0.001
        },
        "http_req_waiting": {
            "p(90)": 151.5124,
            "p(95)": 161.123,
            "avg": 94.83525035054751,
            "min": 3.67,
            "med": 95.983,
            "max": 213.8
        },
        "checks": {
            "passes": 42077,
            "fails": 0,
            "value": 1
        },
        "iterations": {
            "count": 42077,
            "rate": 841.5324262081641
        },
        "http_req_blocked": {
            "avg": 0.006257979418682494,
            "min": 0,
            "med": 0.003,
            "max": 4.947,
            "p(90)": 0.006,
            "p(95)": 0.008
        },
        "http_req_failed": {
            "passes": 0,
            "fails": 42077,
            "value": 0
        },
        "http_req_tls_handshaking": {
            "p(90)": 0,
            "p(95)": 0,
            "avg": 0,
            "min": 0,
            "med": 0,
            "max": 0
        },
        "vus": {
            "value": 1,
            "min": 1,
            "max": 100
        },
        "http_req_duration{expected_response:true}": {
            "min": 3.716,
            "med": 96.183,
            "max": 213.942,
            "p(90)": 151.621,
            "p(95)": 161.24720000000002,
            "avg": 94.96213413503813
        },
        "http_req_receiving": {
            "med": 0.053,
            "max": 15.079,
            "p(90)": 0.178,
            "p(95)": 0.284,
            "avg": 0.10961639375430693,
            "min": 0.006
        },
        "data_received": {
            "count": 48375658,
            "rate": 967504.4524599279
        },
        "vus_max": {
            "min": 100,
            "max": 100,
            "value": 100
        },
        "http_reqs": {
            "count": 42077,
            "rate": 841.5324262081641
        },
        "data_sent": {
            "rate": 87687.5708118627,
            "count": 4384418
        },
        "iteration_duration": {
            "min": 3.834708,
            "med": 96.347584,
            "max": 215.041042,
            "p(90)": 151.762058,
            "p(95)": 161.418975,
            "avg": 95.1243164431632
        },
        "http_req_connecting": {
            "p(90)": 0,
            "p(95)": 0,
            "avg": 0.0013028733037051122,
            "min": 0,
            "med": 0,
            "max": 4.832
        },
        "success_total": {
            "count": 42077,
            "rate": 841.5324262081641
        }
    },
    "root_group": {
        "name": "",
        "path": "",
        "id": "d41d8cd98f00b204e9800998ecf8427e",
        "groups": {},
        "checks": {
                "GET /orders/:id 200": {
                    "name": "GET /orders/:id 200",
                    "path": "::GET /orders/:id 200",
                    "id": "ca384c3a859ffb946ea1d7d59aff1eec",
                    "passes": 20931,
                    "fails": 0
                },
                "GET /orders?user_id 200": {
                    "id": "ab0b46c92b84870e38e5a604ac36187b",
                    "passes": 12687,
                    "fails": 0,
                    "name": "GET /orders?user_id 200",
                    "path": "::GET /orders?user_id 200"
                },
                "POST /orders 201": {
                    "name": "POST /orders 201",
                    "path": "::POST /orders 201",
                    "id": "4b499a5302314fdd343249234e5fd479",
                    "passes": 8459,
                    "fails": 0
                }
            }
    }
}