{
    "root_group": {
        "checks": {
            "GET /orders/:id 200": {
                "id": "ca384c3a859ffb946ea1d7d59aff1eec",
                "passes": 2628,
                "fails": 0,
                "name": "GET /orders/:id 200",
                "path": "::GET /orders/:id 200"
            },
            "GET /orders?user_id 200": {
                "name": "GET /orders?user_id 200",
                "path": "::GET /orders?user_id 200",
                "id": "ab0b46c92b84870e38e5a604ac36187b",
                "passes": 1573,
                "fails": 0
            },
            "POST /orders 201": {
                "passes": 993,
                "fails": 0,
                "name": "POST /orders 201",
                "path": "::POST /orders 201",
                "id": "4b499a5302314fdd343249234e5fd479"
            }
        },
        "name": "",
        "path": "",
        "id": "d41d8cd98f00b204e9800998ecf8427e",
        "groups": {}
    },
    "metrics": {
        "vus_max": {
            "value": 50,
            "min": 50,
            "max": 50
        },
        "http_req_blocked": {
            "min": 0,
            "med": 0.004,
            "max": 1.629,
            "p(90)": 0.008,
            "p(95)": 0.010349999999999769,
            "avg": 0.010071428571428995
        },
        "http_req_duration": {
            "p(90)": 605.0414,
            "p(95)": 801.69575,
            "avg": 386.33389199075845,
            "min": 2.575,
            "med": 395.3065,
            "max": 1125.225
        },
        "http_req_tls_handshaking": {
            "max": 0,
            "p(90)": 0,
            "p(95)": 0,
            "avg": 0,
            "min": 0,
            "med": 0
        },
        "http_req_duration{expected_response:true}": {
            "med": 395.3065,
            "max": 1125.225,
            "p(90)": 605.0414,
            "p(95)": 801.69575,
            "avg": 386.33389199075845,
            "min": 2.575
        },
        "iteration_duration": {
            "max": 1125.06,
            "p(90)": 605.1232206000001,
            "p(95)": 801.84799375,
            "avg": 386.48036918945013,
            "min": 2.68375,
            "med": 395.41539650000004
        },
        "data_received": {
            "count": 5515514,
            "rate": 110289.86093514647
        },
        "http_req_receiving": {
            "max": 7.756,
            "p(90)": 0.109,
            "p(95)": 0.137,
            "avg": 0.06427319984597597,
            "min": 0.006,
            "med": 0.042
        },
        "http_req_failed": {
            "passes": 0,
            "fails": 5194,
            "value": 0
        },
        "checks": {
            "passes": 5194,
            "fails": 0,
            "value": 1
        },
        "http_reqs": {
            "count": 5194,
            "rate": 103.86077121681693
        },
        "http_req_waiting": {
            "avg": 386.248995956874,
            "min": 2.517,
            "med": 395.2365,
            "max": 1125.155,
            "p(90)": 604.9951,
            "p(95)": 801.6315999999999
        },
        "vus": {
            "value": 1,
            "min": 1,
            "max": 50
        },
        "http_req_sending": {
            "min": 0.002,
            "med": 0.013,
            "max": 6.195,
            "p(90)": 0.029,
            "p(95)": 0.039,
            "avg": 0.020622834039276478
        },
        "data_sent": {
            "count": 536711,
            "rate": 10732.233034376017
        },
        "success_total": {
            "rate": 103.86077121681693,
            "count": 5194
        },
        "iterations": {
            "count": 5194,
            "rate": 103.86077121681693
        },
        "http_req_connecting": {
            "avg": 0.0038721601848286475,
            "min": 0,
            "med": 0,
            "max": 1.434,
            "p(90)": 0,
            "p(95)": 0
        }
    }
}