{
    "metrics": {
        "vus_max": {
            "value": 10,
            "min": 10,
            "max": 10
        },
        "vus": {
            "value": 1,
            "min": 0,
            "max": 10
        },
        "http_req_blocked": {
            "avg": 0.010163909391702912,
            "min": 0,
            "med": 0.004,
            "max": 5.841,
            "p(90)": 0.008,
            "p(95)": 0.01
        },
        "iteration_duration": {
            "max": 668.0135,
            "p(90)": 188.9453998,
            "p(95)": 199.0891332,
            "avg": 101.81759985314342,
            "min": 3.033875,
            "med": 99.126333
        },
        "iterations": {
            "count": 3929,
            "rate": 78.51594982876769
        },
        "success_total": {
            "count": 3929,
            "rate": 78.51594982876769
        },
        "http_req_sending": {
            "min": 0.002,
            "med": 0.016,
            "max": 6.492,
            "p(90)": 0.032,
            "p(95)": 0.042599999999999826,
            "avg": 0.022623313820310853
        },
        "data_sent": {
            "count": 407460,
            "rate": 8142.557627190044
        },
        "http_req_connecting": {
            "max": 2.088,
            "p(90)": 0,
            "p(95)": 0,
            "avg": 0.0013476711631458388,
            "min": 0,
            "med": 0
        },
        "http_req_waiting": {
            "p(90)": 188.85360000000003,
            "p(95)": 198.8352,
            "avg": 101.57056019343347,
            "min": 2.824,
            "med": 98.904,
            "max": 667.769
        },
        "http_req_tls_handshaking": {
            "p(95)": 0,
            "avg": 0,
            "min": 0,
            "med": 0,
            "max": 0,
            "p(90)": 0
        },
        "data_received": {
            "count": 4064661,
            "rate": 81226.95829650004
        },
        "http_reqs": {
            "count": 3929,
            "rate": 78.51594982876769
        },
        "http_req_duration{expected_response:true}": {
            "p(95)": 198.925,
            "avg": 101.66184168999736,
            "min": 2.89,
            "med": 98.987,
            "max": 667.833,
            "p(90)": 189.0492
        },
        "http_req_failed": {
            "passes": 0,
            "fails": 3929,
            "value": 0
        },
        "http_req_duration": {
            "p(95)": 198.925,
            "avg": 101.66184168999736,
            "min": 2.89,
            "med": 98.987,
            "max": 667.833,
            "p(90)": 189.0492
        },
        "http_req_receiving": {
            "p(90)": 0.119,
            "p(95)": 0.145,
            "avg": 0.06865818274370074,
            "min": 0.007,
            "med": 0.053,
            "max": 3.911
        },
        "checks": {
            "passes": 3929,
            "fails": 0,
            "value": 1
        }
    },
    "root_group": {
        "name": "",
        "path": "",
        "id": "d41d8cd98f00b204e9800998ecf8427e",
        "groups": {},
        "checks": {
                "GET /orders/:id 200": {
                    "name": "GET /orders/:id 200",
                    "path": "::GET /orders/:id 200",
                    "id": "ca384c3a859ffb946ea1d7d59aff1eec",
                    "passes": 2006,
                    "fails": 0
                },
                "GET /orders?user_id 200": {
                    "name": "GET /orders?user_id 200",
                    "path": "::GET /orders?user_id 200",
                    "id": "ab0b46c92b84870e38e5a604ac36187b",
                    "passes": 1149,
                    "fails": 0
                },
                "POST /orders 201": {
                    "name": "POST /orders 201",
                    "path": "::POST /orders 201",
                    "id": "4b499a5302314fdd343249234e5fd479",
                    "passes": 774,
                    "fails": 0
                }
            }
    }
}