{
    "root_group": {
        "path": "",
        "id": "d41d8cd98f00b204e9800998ecf8427e",
        "groups": {},
        "checks": {
                "POST /orders 201": {
                    "name": "POST /orders 201",
                    "path": "::POST /orders 201",
                    "id": "4b499a5302314fdd343249234e5fd479",
                    "passes": 868,
                    "fails": 0
                },
                "GET /orders?user_id 200": {
                    "name": "GET /orders?user_id 200",
                    "path": "::GET /orders?user_id 200",
                    "id": "ab0b46c92b84870e38e5a604ac36187b",
                    "passes": 1330,
                    "fails": 0
                },
                "GET /orders/:id 200": {
                    "name": "GET /orders/:id 200",
                    "path": "::GET /orders/:id 200",
                    "id": "ca384c3a859ffb946ea1d7d59aff1eec",
                    "passes": 2149,
                    "fails": 0
                }
            },
        "name": ""
    },
    "metrics": {
        "vus_max": {
            "min": 100,
            "max": 100,
            "value": 100
        },
        "http_req_duration": {
            "avg": 927.1455670577412,
            "min": 2.777,
            "med": 997.589,
            "max": 2097.405,
            "p(90)": 1499.7921999999999,
            "p(95)": 1598.412
        },
        "iterations": {
            "count": 4347,
            "rate": 86.8717240372102
        },
        "http_req_blocked": {
            "max": 1.276,
            "p(90)": 0.009,
            "p(95)": 0.013,
            "avg": 0.016690361168622256,
            "min": 0,
            "med": 0.004
        },
        "vus": {
            "value": 1,
            "min": 1,
            "max": 100
        },
        "http_req_duration{expected_response:true}": {
            "p(95)": 1598.412,
            "avg": 927.1455670577412,
            "min": 2.777,
            "med": 997.589,
            "max": 2097.405,
            "p(90)": 1499.7921999999999
        },
        "checks": {
            "fails": 0,
            "passes": 4347,
            "value": 1
        },
        "http_req_connecting": {
            "p(95)": 0,
            "avg": 0.008256728778467908,
            "min": 0,
            "med": 0,
            "max": 0.565,
            "p(90)": 0
        },
        "data_sent": {
            "count": 452736,
            "rate": 9047.609122086587
        },
        "http_req_sending": {
            "avg": 0.02048999309868917,
            "min": 0.002,
            "med": 0.013,
            "max": 1.475,
            "p(90)": 0.031,
            "p(95)": 0.049
        },
        "success_total": {
            "rate": 86.8717240372102,
            "count": 4347
        },
        "iteration_duration": {
            "min": 2.876667,
            "med": 997.852125,
            "max": 2097.639875,
            "p(90)": 1499.9474668,
            "p(95)": 1598.6024963,
            "avg": 927.3632926687352
        },
        "http_reqs": {
            "rate": 86.8717240372102,
            "count": 4347
        },
        "http_req_waiting": {
            "avg": 927.0563441453884,
            "min": 2.739,
            "med": 997.493,
            "max": 2097.327,
            "p(90)": 1499.7104000000002,
            "p(95)": 1598.3198
        },
        "http_req_failed": {
            "passes": 0,
            "fails": 4347,
            "value": 0
        },
        "data_received": {
            "count": 4651157,
            "rate": 92950.08680877351
        },
        "http_req_tls_handshaking": {
            "max": 0,
            "p(90)": 0,
            "p(95)": 0,
            "avg": 0,
            "min": 0,
            "med": 0
        },
        "http_req_receiving": {
            "med": 0.044,
            "max": 7.531,
            "p(90)": 0.118,
            "p(95)": 0.15,
            "avg": 0.06873291925465812,
            "min": 0.007
        }
    }
}