{
    "metrics": {
        "vus_max": {
            "value": 50,
            "min": 50,
            "max": 50
        },
        "http_req_connecting": {
            "max": 10.216,
            "p(90)": 0,
            "p(95)": 0,
            "avg": 0.0013571428571428575,
            "min": 0,
            "med": 0
        },
        "iteration_duration": {
            "max": 222.596167,
            "p(90)": 154.2840869,
            "p(95)": 186.87450865,
            "avg": 104.12614452377504,
            "min": 4.320375,
            "med": 103.89712499999999
        },
        "data_received": {
            "count": 20805569,
            "rate": 416057.9165577223
        },
        "vus": {
            "min": 1,
            "max": 50,
            "value": 1
        },
        "http_req_blocked": {
            "p(90)": 0.006,
            "p(95)": 0.009,
            "avg": 0.0075891166371859576,
            "min": 0,
            "med": 0.003,
            "max": 12.418
        },
        "http_reqs": {
            "count": 19222,
            "rate": 384.3906058071538
        },
        "http_req_duration": {
            "med": 103.756,
            "max": 221.848,
            "p(90)": 154.13450000000003,
            "p(95)": 186.67475000000002,
            "avg": 103.94766496722542,
            "min": 4.229
        },
        "http_req_failed": {
            "passes": 0,
            "fails": 19222,
            "value": 0
        },
        "success_total": {
            "count": 19222,
            "rate": 384.3906058071538
        },
        "data_sent": {
            "count": 1999245,
            "rate": 39979.762600505834
        },
        "checks": {
            "passes": 19222,
            "fails": 0,
            "value": 1
        },
        "http_req_tls_handshaking": {
            "avg": 0,
            "min": 0,
            "med": 0,
            "max": 0,
            "p(90)": 0,
            "p(95)": 0
        },
        "iterations": {
            "count": 19222,
            "rate": 384.3906058071538
        },
        "http_req_sending": {
            "min": 0.002,
            "med": 0.01,
            "max": 8.318,
            "p(90)": 0.025,
            "p(95)": 0.035,
            "avg": 0.017553480387055377
        },
        "http_req_receiving": {
            "avg": 0.06069664967224997,
            "min": 0.006,
            "med": 0.035,
            "max": 12.867,
            "p(90)": 0.093,
            "p(95)": 0.14
        },
        "http_req_waiting": {
            "max": 221.683,
            "p(90)": 154.0215,
            "p(95)": 186.5408,
            "avg": 103.86941483716554,
            "min": 4.191,
            "med": 103.69
        },
        "http_req_duration{expected_response:true}": {
            "avg": 103.94766496722542,
            "min": 4.229,
            "med": 103.756,
            "max": 221.848,
            "p(90)": 154.13450000000003,
            "p(95)": 186.67475000000002
        }
    },
    "root_group": {
        "id": "d41d8cd98f00b204e9800998ecf8427e",
        "groups": {},
        "checks": {
                "POST /orders 201": {
                    "name": "POST /orders 201",
                    "path": "::POST /orders 201",
                    "id": "4b499a5302314fdd343249234e5fd479",
                    "passes": 3833,
                    "fails": 0
                },
                "GET /orders?user_id 200": {
                    "path": "::GET /orders?user_id 200",
                    "id": "ab0b46c92b84870e38e5a604ac36187b",
                    "passes": 5731,
                    "fails": 0,
                    "name": "GET /orders?user_id 200"
                },
                "GET /orders/:id 200": {
                    "fails": 0,
                    "name": "GET /orders/:id 200",
                    "path": "::GET /orders/:id 200",
                    "id": "ca384c3a859ffb946ea1d7d59aff1eec",
                    "passes": 9658
                }
            },
        "name": "",
        "path": ""
    }
}