{
    "root_group": {
        "path": "",
        "id": "d41d8cd98f00b204e9800998ecf8427e",
        "groups": {},
        "checks": {
                "GET /orders/:id 200": {
                    "path": "::GET /orders/:id 200",
                    "id": "ca384c3a859ffb946ea1d7d59aff1eec",
                    "passes": 9995,
                    "fails": 0,
                    "name": "GET /orders/:id 200"
                },
                "GET /orders?user_id 200": {
                    "name": "GET /orders?user_id 200",
                    "path": "::GET /orders?user_id 200",
                    "id": "ab0b46c92b84870e38e5a604ac36187b",
                    "passes": 5901,
                    "fails": 0
                },
                "POST /orders 201": {
                    "name": "POST /orders 201",
                    "path": "::POST /orders 201",
                    "id": "4b499a5302314fdd343249234e5fd479",
                    "passes": 3996,
                    "fails": 0
                }
            },
        "name": ""
    },
    "metrics": {
        "http_req_failed": {
            "passes": 0,
            "fails": 19892,
            "value": 0
        },
        "http_req_receiving": {
            "min": 0.005,
            "med": 0.035,
            "max": 6.587,
            "p(90)": 0.094,
            "p(95)": 0.139,
            "avg": 0.05820445405187951
        },
        "checks": {
            "passes": 19892,
            "fails": 0,
            "value": 1
        },
        "http_req_connecting": {
            "avg": 0.0020688216368389303,
            "min": 0,
            "med": 0,
            "max": 1.247,
            "p(90)": 0,
            "p(95)": 0
        },
        "data_received": {
            "count": 21450202,
            "rate": 428948.77423992695
        },
        "iteration_duration": {
            "p(95)": 294.7375856,
            "avg": 201.3754931064748,
            "min": 4.355458,
            "med": 211.083021,
            "max": 357.307042,
            "p(90)": 289.7020792
        },
        "http_reqs": {
            "count": 19892,
            "rate": 397.78874889759203
        },
        "vus": {
            "value": 1,
            "min": 1,
            "max": 100
        },
        "vus_max": {
            "max": 100,
            "value": 100,
            "min": 100
        },
        "http_req_tls_handshaking": {
            "p(90)": 0,
            "p(95)": 0,
            "avg": 0,
            "min": 0,
            "med": 0,
            "max": 0
        },
        "http_req_sending": {
            "avg": 0.016271415644479193,
            "min": 0.001,
            "med": 0.01,
            "max": 4.102,
            "p(90)": 0.024,
            "p(95)": 0.034
        },
        "iterations": {
            "count": 19892,
            "rate": 397.78874889759203
        },
        "success_total": {
            "count": 19892,
            "rate": 397.78874889759203
        },
        "http_req_waiting": {
            "p(90)": 289.4628,
            "p(95)": 294.4825,
            "avg": 201.12940192037067,
            "min": 4.183,
            "med": 210.894,
            "max": 357.077
        },
        "data_sent": {
            "count": 2071228,
            "rate": 41419.22354723817
        },
        "http_req_duration": {
            "avg": 201.2038777900654,
            "min": 4.239,
            "med": 210.9485,
            "max": 357.143,
            "p(90)": 289.561,
            "p(95)": 294.54335
        },
        "http_req_duration{expected_response:true}": {
            "avg": 201.2038777900654,
            "min": 4.239,
            "med": 210.9485,
            "max": 357.143,
            "p(90)": 289.561,
            "p(95)": 294.54335
        },
        "http_req_blocked": {
            "avg": 0.0074332394932625475,
            "min": 0,
            "med": 0.003,
            "max": 1.628,
            "p(90)": 0.006,
            "p(95)": 0.009
        }
    }
}