{
    "root_group": {
        "id": "d41d8cd98f00b204e9800998ecf8427e",
        "groups": {},
        "checks": {
                "POST /orders 201": {
                    "passes": 3238,
                    "fails": 0,
                    "name": "POST /orders 201",
                    "path": "::POST /orders 201",
                    "id": "4b499a5302314fdd343249234e5fd479"
                },
                "GET /orders/:id 200": {
                    "name": "GET /orders/:id 200",
                    "path": "::GET /orders/:id 200",
                    "id": "ca384c3a859ffb946ea1d7d59aff1eec",
                    "passes": 7796,
                    "fails": 0
                },
                "GET /orders?user_id 200": {
                    "passes": 4881,
                    "fails": 0,
                    "name": "GET /orders?user_id 200",
                    "path": "::GET /orders?user_id 200",
                    "id": "ab0b46c92b84870e38e5a604ac36187b"
                }
            },
        "name": "",
        "path": ""
    },
    "metrics": {
        "http_req_tls_handshaking": {
            "avg": 0,
            "min": 0,
            "med": 0,
            "max": 0,
            "p(90)": 0,
            "p(95)": 0
        },
        "http_reqs": {
            "count": 15915,
            "rate": 316.83848111753144
        },
        "http_req_blocked": {
            "avg": 0.006242726987119058,
            "min": 0,
            "med": 0.004,
            "max": 2.722,
            "p(90)": 0.008,
            "p(95)": 0.01
        },
        "http_req_connecting": {
            "max": 0.658,
            "p(90)": 0,
            "p(95)": 0,
            "avg": 0.0002612629594721961,
            "min": 0,
            "med": 0
        },
        "http_req_waiting": {
            "max": 264.236,
            "p(90)": 56.566,
            "p(95)": 64.94839999999996,
            "avg": 24.84153081998115,
            "min": 3.739,
            "med": 13.061
        },
        "data_received": {
            "count": 17602397,
            "rate": 350431.46274004347
        },
        "iterations": {
            "rate": 316.83848111753144,
            "count": 15915
        },
        "iteration_duration": {
            "med": 13.371,
            "max": 264.631458,
            "p(90)": 56.901475000000005,
            "p(95)": 65.28351239999998,
            "avg": 25.132797758215606,
            "min": 3.979875
        },
        "http_req_duration{expected_response:true}": {
            "max": 264.385,
            "p(90)": 56.714000000000006,
            "p(95)": 65.024,
            "avg": 24.931693748036377,
            "min": 3.823,
            "med": 13.156
        },
        "vus_max": {
            "value": 10,
            "min": 10,
            "max": 10
        },
        "http_req_receiving": {
            "med": 0.046,
            "max": 30.654,
            "p(90)": 0.112,
            "p(95)": 0.149,
            "avg": 0.06938912975180599,
            "min": 0.005
        },
        "success_total": {
            "count": 15915,
            "rate": 316.83848111753144
        },
        "http_req_failed": {
            "fails": 15915,
            "passes": 0,
            "value": 0
        },
        "data_sent": {
            "count": 1663039,
            "rate": 33108.0584856562
        },
        "vus": {
            "value": 1,
            "min": 0,
            "max": 10
        },
        "http_req_duration": {
            "p(90)": 56.714000000000006,
            "p(95)": 65.024,
            "avg": 24.931693748036377,
            "min": 3.823,
            "med": 13.156,
            "max": 264.385
        },
        "checks": {
            "passes": 15915,
            "fails": 0,
            "value": 1
        },
        "http_req_sending": {
            "avg": 0.02077379830348631,
            "min": 0.001,
            "med": 0.014,
            "max": 4.57,
            "p(90)": 0.031,
            "p(95)": 0.041
        }
    }
}