{
    "metrics": {
        "http_reqs": {
            "count": 67525,
            "rate": 1350.483929241242
        },
        "iteration_duration": {
            "p(95)": 50.743384,
            "avg": 29.611851725731395,
            "min": 2.314375,
            "med": 30.131125,
            "max": 112.224083,
            "p(90)": 45.661467
        },
        "http_req_blocked": {
            "avg": 0.004850751573489544,
            "min": 0,
            "med": 0.003,
            "max": 3.222,
            "p(90)": 0.005,
            "p(95)": 0.007
        },
        "http_req_receiving": {
            "p(95)": 0.099,
            "avg": 0.049258970751571624,
            "min": 0.004,
            "med": 0.036,
            "max": 11.544,
            "p(90)": 0.073
        },
        "data_sent": {
            "count": 7020303,
            "rate": 140404.38918776868
        },
        "data_received": {
            "count": 73270208,
            "rate": 1465386.7218980095
        },
        "iterations": {
            "count": 67525,
            "rate": 1350.483929241242
        },
        "vus": {
            "value": 1,
            "min": 1,
            "max": 50
        },
        "http_req_sending": {
            "min": 0.001,
            "med": 0.011,
            "max": 4.489,
            "p(90)": 0.021,
            "p(95)": 0.029,
            "avg": 0.01550895223990855
        },
        "http_req_duration{expected_response:true}": {
            "max": 112.095,
            "p(90)": 45.503,
            "p(95)": 50.5788,
            "avg": 29.467419118844827,
            "min": 2.234,
            "med": 29.984
        },
        "vus_max": {
            "max": 50,
            "value": 50,
            "min": 50
        },
        "http_req_failed": {
            "passes": 0,
            "fails": 67525,
            "value": 0
        },
        "http_req_duration": {
            "med": 29.984,
            "max": 112.095,
            "p(90)": 45.503,
            "p(95)": 50.5788,
            "avg": 29.467419118844827,
            "min": 2.234,
            "thresholds": {
                "p(95)<1000": false
            }
        },
        "checks": {
            "passes": 67525,
            "fails": 0,
            "value": 1
        },
        "http_req_waiting": {
            "max": 111.85,
            "p(90)": 45.438,
            "p(95)": 50.511,
            "avg": 29.402651195853256,
            "min": 2.197,
            "med": 29.924
        },
        "success_total": {
            "count": 67525,
            "rate": 1350.483929241242
        },
        "http_req_connecting": {
            "p(90)": 0,
            "p(95)": 0,
            "avg": 0.00039429840799703813,
            "min": 0,
            "med": 0,
            "max": 2.497
        },
        "http_req_tls_handshaking": {
            "avg": 0,
            "min": 0,
            "med": 0,
            "max": 0,
            "p(90)": 0,
            "p(95)": 0
        }
    },
    "root_group": {
        "name": "",
        "path": "",
        "id": "d41d8cd98f00b204e9800998ecf8427e",
        "groups": {},
        "checks": {
                "GET /orders/:id 200": {
                    "name": "GET /orders/:id 200",
                    "path": "::GET /orders/:id 200",
                    "id": "ca384c3a859ffb946ea1d7d59aff1eec",
                    "passes": 33769,
                    "fails": 0
                },
                "POST /orders 201": {
                    "passes": 13396,
                    "fails": 0,
                    "name": "POST /orders 201",
                    "path": "::POST /orders 201",
                    "id": "4b499a5302314fdd343249234e5fd479"
                },
                "GET /orders?user_id 200": {
                    "passes": 20360,
                    "fails": 0,
                    "name": "GET /orders?user_id 200",
                    "path": "::GET /orders?user_id 200",
                    "id": "ab0b46c92b84870e38e5a604ac36187b"
                }
            }
    }
}