{
    "root_group": {
        "name": "",
        "path": "",
        "id": "d41d8cd98f00b204e9800998ecf8427e",
        "groups": {},
        "checks": {
                "GET /orders/:id 200": {
                    "name": "GET /orders/:id 200",
                    "path": "::GET /orders/:id 200",
                    "id": "ca384c3a859ffb946ea1d7d59aff1eec",
                    "passes": 32762,
                    "fails": 0
                },
                "GET /orders?user_id 200": {
                    "id": "ab0b46c92b84870e38e5a604ac36187b",
                    "passes": 19973,
                    "fails": 0,
                    "name": "GET /orders?user_id 200",
                    "path": "::GET /orders?user_id 200"
                },
                "POST /orders 201": {
                    "name": "POST /orders 201",
                    "path": "::POST /orders 201",
                    "id": "4b499a5302314fdd343249234e5fd479",
                    "passes": 13407,
                    "fails": 0
                }
            }
    },
    "metrics": {
        "http_req_blocked": {
            "p(95)": 0.007,
            "avg": 0.007733422031381026,
            "min": 0,
            "med": 0.002,
            "max": 10.488,
            "p(90)": 0.005
        },
        "success_total": {
            "count": 66142,
            "rate": 1322.8119828422034
        },
        "data_sent": {
            "count": 6902511,
            "rate": 138047.29615826736
        },
        "http_req_tls_handshaking": {
            "p(95)": 0,
            "avg": 0,
            "min": 0,
            "med": 0,
            "max": 0,
            "p(90)": 0
        },
        "http_req_receiving": {
            "p(95)": 0.09,
            "avg": 0.039466602158988964,
            "min": 0.005,
            "med": 0.028,
            "max": 6.024,
            "p(90)": 0.066
        },
        "checks": {
            "passes": 66142,
            "fails": 0,
            "value": 1
        },
        "http_req_duration": {
            "avg": 302.97135906080695,
            "min": 2.114,
            "med": 325.368,
            "max": 536.547,
            "p(90)": 466.026,
            "p(95)": 483.68404999999984,
            "thresholds": {
                "p(95)<1000": false
            }
        },
        "http_req_sending": {
            "min": 0.001,
            "med": 0.009,
            "max": 9.702,
            "p(90)": 0.019,
            "p(95)": 0.027,
            "avg": 0.01285581022648036
        },
        "vus_max": {
            "value": 500,
            "min": 500,
            "max": 500
        },
        "http_req_duration{expected_response:true}": {
            "p(95)": 483.68404999999984,
            "avg": 302.97135906080695,
            "min": 2.114,
            "med": 325.368,
            "max": 536.547,
            "p(90)": 466.026
        },
        "iterations": {
            "count": 66142,
            "rate": 1322.8119828422034
        },
        "http_req_connecting": {
            "p(95)": 0,
            "avg": 0.0037078407063590446,
            "min": 0,
            "med": 0,
            "max": 10.303,
            "p(90)": 0
        },
        "http_req_waiting": {
            "avg": 302.91903664842295,
            "min": 2.098,
            "med": 325.21799999999996,
            "max": 536.516,
            "p(90)": 465.9619,
            "p(95)": 483.61934999999994
        },
        "data_received": {
            "count": 71856996,
            "rate": 1437109.482021171
        },
        "http_req_failed": {
            "passes": 0,
            "fails": 66142,
            "value": 0
        },
        "iteration_duration": {
            "avg": 303.09413341925074,
            "min": 2.144833,
            "med": 325.5823335,
            "max": 536.714167,
            "p(90)": 466.185891,
            "p(95)": 483.78307945
        },
        "vus": {
            "min": 2,
            "max": 500,
            "value": 2
        },
        "http_reqs": {
            "count": 66142,
            "rate": 1322.8119828422034
        }
    }
}