{
    "root_group": {
        "name": "",
        "path": "",
        "id": "d41d8cd98f00b204e9800998ecf8427e",
        "groups": {},
        "checks": {
                "GET /orders/:id 200": {
                    "path": "::GET /orders/:id 200",
                    "id": "ca384c3a859ffb946ea1d7d59aff1eec",
                    "passes": 40819,
                    "fails": 0,
                    "name": "GET /orders/:id 200"
                },
                "GET /orders?user_id 200": {
                    "name": "GET /orders?user_id 200",
                    "path": "::GET /orders?user_id 200",
                    "id": "ab0b46c92b84870e38e5a604ac36187b",
                    "passes": 24410,
                    "fails": 0
                },
                "POST /orders 201": {
                    "id": "4b499a5302314fdd343249234e5fd479",
                    "passes": 15972,
                    "fails": 0,
                    "name": "POST /orders 201",
                    "path": "::POST /orders 201"
                }
            }
    },
    "metrics": {
        "http_reqs": {
            "count": 81201,
            "rate": 1623.811047994344
        },
        "http_req_failed": {
            "passes": 0,
            "fails": 81201,
            "value": 0
        },
        "success_total": {
            "count": 81201,
            "rate": 1623.811047994344
        },
        "http_req_waiting": {
            "avg": 49.17831505769678,
            "min": 1.648,
            "med": 52.189,
            "max": 175.917,
            "p(90)": 77.216,
            "p(95)": 82.258
        },
        "iterations": {
            "count": 81201,
            "rate": 1623.811047994344
        },
        "vus_max": {
            "max": 100,
            "value": 100,
            "min": 100
        },
        "data_sent": {
            "count": 8428507,
            "rate": 168548.45118530147
        },
        "iteration_duration": {
            "avg": 49.27251985096222,
            "min": 1.68375,
            "med": 52.291333,
            "max": 176.238375,
            "p(90)": 77.313959,
            "p(95)": 82.370042
        },
        "http_req_duration{expected_response:true}": {
            "min": 1.661,
            "med": 52.221,
            "max": 175.983,
            "p(90)": 77.25,
            "p(95)": 82.296,
            "avg": 49.2082828290294
        },
        "http_req_tls_handshaking": {
            "p(90)": 0,
            "p(95)": 0,
            "avg": 0,
            "min": 0,
            "med": 0,
            "max": 0
        },
        "vus": {
            "value": 1,
            "min": 1,
            "max": 100
        },
        "http_req_connecting": {
            "p(90)": 0,
            "p(95)": 0,
            "avg": 0.0004147116414822478,
            "min": 0,
            "med": 0,
            "max": 1.319
        },
        "checks": {
            "passes": 81201,
            "fails": 0,
            "value": 1
        },
        "http_req_sending": {
            "avg": 0.007527949163186122,
            "min": 0.001,
            "med": 0.006,
            "max": 1.229,
            "p(90)": 0.012,
            "p(95)": 0.016
        },
        "data_received": {
            "count": 82444956,
            "rate": 1648686.9669610914
        },
        "http_req_duration": {
            "min": 1.661,
            "med": 52.221,
            "max": 175.983,
            "p(90)": 77.25,
            "p(95)": 82.296,
            "avg": 49.2082828290294,
            "thresholds": {
                "p(95)<1000": false
            }
        },
        "http_req_blocked": {
            "min": 0,
            "med": 0.001,
            "max": 1.409,
            "p(90)": 0.003,
            "p(95)": 0.004,
            "avg": 0.0022147017893886377
        },
        "http_req_receiving": {
            "avg": 0.02243982216967543,
            "min": 0.004,
            "med": 0.017,
            "max": 3.75,
            "p(90)": 0.037,
            "p(95)": 0.049
        }
    }
}