{
    "metrics": {
        "iterations": {
            "rate": 1058.1075020103863,
            "count": 52911
        },
        "success_total": {
            "count": 52911,
            "rate": 1058.1075020103863
        },
        "http_req_tls_handshaking": {
            "avg": 0,
            "min": 0,
            "med": 0,
            "max": 0,
            "p(90)": 0,
            "p(95)": 0
        },
        "http_req_duration{expected_response:true}": {
            "avg": 37.617759350607734,
            "min": 2.112,
            "med": 40.006,
            "max": 124.955,
            "p(90)": 54.802,
            "p(95)": 61.22049999999998
        },
        "iteration_duration": {
            "avg": 37.78789344508686,
            "min": 2.180917,
            "med": 40.17825,
            "max": 125.079291,
            "p(90)": 54.977708,
            "p(95)": 61.44139549999999
        },
        "data_received": {
            "count": 55867339,
            "rate": 1117227.9963194313
        },
        "data_sent": {
            "count": 5515315,
            "rate": 110294.57348094751
        },
        "vus": {
            "max": 50,
            "value": 1,
            "min": 1
        },
        "checks": {
            "passes": 52911,
            "fails": 0,
            "value": 1
        },
        "http_reqs": {
            "count": 52911,
            "rate": 1058.1075020103863
        },
        "http_req_connecting": {
            "med": 0,
            "max": 2.241,
            "p(90)": 0,
            "p(95)": 0,
            "avg": 0.0004517964128442101,
            "min": 0
        },
        "http_req_sending": {
            "min": 0.001,
            "med": 0.012,
            "max": 33.11,
            "p(90)": 0.022,
            "p(95)": 0.03,
            "avg": 0.018369318289200368
        },
        "http_req_receiving": {
            "avg": 0.07154385666496485,
            "min": 0.004,
            "med": 0.038,
            "max": 38.521,
            "p(90)": 0.081,
            "p(95)": 0.114
        },
        "http_req_duration": {
            "p(95)": 61.22049999999998,
            "avg": 37.617759350607734,
            "min": 2.112,
            "med": 40.006,
            "max": 124.955,
            "p(90)": 54.802
        },
        "http_req_failed": {
            "passes": 0,
            "fails": 52911,
            "value": 0
        },
        "vus_max": {
            "value": 50,
            "min": 50,
            "max": 50
        },
        "http_req_blocked": {
            "p(90)": 0.006,
            "p(95)": 0.007,
            "avg": 0.005594110865413118,
            "min": 0,
            "med": 0.003,
            "max": 7.257
        },
        "http_req_waiting": {
            "min": 2.084,
            "med": 39.938,
            "max": 124.916,
            "p(90)": 54.717,
            "p(95)": 61.09299999999999,
            "avg": 37.527846175652975
        }
    },
    "root_group": {
        "name": "",
        "path": "",
        "id": "d41d8cd98f00b204e9800998ecf8427e",
        "groups": {},
        "checks": {
                "POST /orders 201": {
                    "fails": 0,
                    "name": "POST /orders 201",
                    "path": "::POST /orders 201",
                    "id": "4b499a5302314fdd343249234e5fd479",
                    "passes": 10674
                },
                "GET /orders/:id 200": {
                    "id": "ca384c3a859ffb946ea1d7d59aff1eec",
                    "passes": 26387,
                    "fails": 0,
                    "name": "GET /orders/:id 200",
                    "path": "::GET /orders/:id 200"
                },
                "GET /orders?user_id 200": {
                    "name": "GET /orders?user_id 200",
                    "path": "::GET /orders?user_id 200",
                    "id": "ab0b46c92b84870e38e5a604ac36187b",
                    "passes": 15850,
                    "fails": 0
                }
            }
    }
}