{
    "root_group": {
        "name": "",
        "path": "",
        "id": "d41d8cd98f00b204e9800998ecf8427e",
        "groups": {},
        "checks": {
                "GET /orders?user_id 200": {
                    "name": "GET /orders?user_id 200",
                    "path": "::GET /orders?user_id 200",
                    "id": "ab0b46c92b84870e38e5a604ac36187b",
                    "passes": 15798,
                    "fails": 0
                },
                "GET /orders/:id 200": {
                    "name": "GET /orders/:id 200",
                    "path": "::GET /orders/:id 200",
                    "id": "ca384c3a859ffb946ea1d7d59aff1eec",
                    "passes": 25973,
                    "fails": 0
                },
                "POST /orders 201": {
                    "path": "::POST /orders 201",
                    "id": "4b499a5302314fdd343249234e5fd479",
                    "passes": 10588,
                    "fails": 0,
                    "name": "POST /orders 201"
                }
            }
    },
    "metrics": {
        "http_req_waiting": {
            "med": 85.128,
            "max": 220.478,
            "p(90)": 107.198,
            "p(95)": 118.86899999999997,
            "avg": 76.1945712675943,
            "min": 2.212
        },
        "data_sent": {
            "count": 5461741,
            "rate": 109218.30400806789
        },
        "iterations": {
            "count": 52359,
            "rate": 1047.0216693831558
        },
        "vus": {
            "value": 1,
            "min": 1,
            "max": 100
        },
        "http_req_duration": {
            "avg": 76.26543809087262,
            "min": 2.263,
            "med": 85.194,
            "max": 220.527,
            "p(90)": 107.28580000000002,
            "p(95)": 118.94429999999997
        },
        "http_req_tls_handshaking": {
            "min": 0,
            "med": 0,
            "max": 0,
            "p(90)": 0,
            "p(95)": 0,
            "avg": 0
        },
        "http_req_receiving": {
            "med": 0.04,
            "max": 8.222,
            "p(90)": 0.081,
            "p(95)": 0.106,
            "avg": 0.054459882732672264,
            "min": 0.005
        },
        "data_received": {
            "count": 55586719,
            "rate": 1111566.2889457855
        },
        "http_req_blocked": {
            "min": 0,
            "med": 0.003,
            "max": 8.521,
            "p(90)": 0.006,
            "p(95)": 0.007,
            "avg": 0.00556849825244677
        },
        "http_req_sending": {
            "max": 5.158,
            "p(90)": 0.022,
            "p(95)": 0.029,
            "avg": 0.016406940545081034,
            "min": 0.001,
            "med": 0.012
        },
        "success_total": {
            "count": 52359,
            "rate": 1047.0216693831558
        },
        "http_req_failed": {
            "passes": 0,
            "fails": 52359,
            "value": 0
        },
        "vus_max": {
            "max": 100,
            "value": 100,
            "min": 100
        },
        "checks": {
            "passes": 52359,
            "fails": 0,
            "value": 1
        },
        "http_reqs": {
            "count": 52359,
            "rate": 1047.0216693831558
        },
        "http_req_connecting": {
            "p(95)": 0,
            "avg": 0.0008337248610554062,
            "min": 0,
            "med": 0,
            "max": 2.392,
            "p(90)": 0
        },
        "iteration_duration": {
            "med": 85.336792,
            "max": 220.691708,
            "p(90)": 107.47386660000001,
            "p(95)": 119.1392625,
            "avg": 76.42275729404697,
            "min": 2.376
        },
        "http_req_duration{expected_response:true}": {
            "max": 220.527,
            "p(90)": 107.28580000000002,
            "p(95)": 118.94429999999997,
            "avg": 76.26543809087262,
            "min": 2.263,
            "med": 85.194
        }
    }
}