{
    "root_group": {
        "checks": {
            "GET /orders/:id 200": {
                "fails": 0,
                "name": "GET /orders/:id 200",
                "path": "::GET /orders/:id 200",
                "id": "ca384c3a859ffb946ea1d7d59aff1eec",
                "passes": 25131
            },
            "GET /orders?user_id 200": {
                "name": "GET /orders?user_id 200",
                "path": "::GET /orders?user_id 200",
                "id": "ab0b46c92b84870e38e5a604ac36187b",
                "passes": 15363,
                "fails": 0
            },
            "POST /orders 201": {
                "name": "POST /orders 201",
                "path": "::POST /orders 201",
                "id": "4b499a5302314fdd343249234e5fd479",
                "passes": 10098,
                "fails": 0
            }
        },
        "name": "",
        "path": "",
        "id": "d41d8cd98f00b204e9800998ecf8427e",
        "groups": {}
    },
    "metrics": {
        "http_req_duration{expected_response:true}": {
            "med": 7.1835,
            "max": 62.261,
            "p(90)": 11.9,
            "p(95)": 13.591449999999998,
            "avg": 7.743673782416179,
            "min": 2.044
        },
        "http_req_connecting": {
            "avg": 0.0001294868753953194,
            "min": 0,
            "med": 0,
            "max": 1.57,
            "p(90)": 0,
            "p(95)": 0
        },
        "iteration_duration": {
            "med": 7.3163955000000005,
            "max": 62.3935,
            "p(90)": 12.088104800000002,
            "p(95)": 13.75551655,
            "avg": 7.890501365848263,
            "min": 2.107916
        },
        "checks": {
            "passes": 50592,
            "fails": 0,
            "value": 1
        },
        "vus_max": {
            "max": 10,
            "value": 10,
            "min": 10
        },
        "success_total": {
            "count": 50592,
            "rate": 1011.822374054244
        },
        "http_req_sending": {
            "p(90)": 0.022,
            "p(95)": 0.03,
            "avg": 0.016117251739403197,
            "min": 0.001,
            "med": 0.011,
            "max": 5.738
        },
        "vus": {
            "value": 1,
            "min": 0,
            "max": 10
        },
        "data_received": {
            "rate": 1079354.9776362895,
            "count": 53968689
        },
        "http_req_receiving": {
            "med": 0.037,
            "max": 7.51,
            "p(90)": 0.08,
            "p(95)": 0.107,
            "avg": 0.051486598671725683,
            "min": 0.004
        },
        "http_req_blocked": {
            "avg": 0.0047674928842486,
            "min": 0,
            "med": 0.003,
            "max": 3.185,
            "p(90)": 0.006,
            "p(95)": 0.007
        },
        "data_sent": {
            "count": 5266759,
            "rate": 105333.34509312849
        },
        "http_reqs": {
            "count": 50592,
            "rate": 1011.822374054244
        },
        "http_req_duration": {
            "min": 2.044,
            "med": 7.1835,
            "max": 62.261,
            "p(90)": 11.9,
            "p(95)": 13.591449999999998,
            "avg": 7.743673782416179
        },
        "iterations": {
            "count": 50592,
            "rate": 1011.822374054244
        },
        "http_req_tls_handshaking": {
            "avg": 0,
            "min": 0,
            "med": 0,
            "max": 0,
            "p(90)": 0,
            "p(95)": 0
        },
        "http_req_waiting": {
            "avg": 7.676069932005055,
            "min": 2.015,
            "med": 7.1195,
            "max": 62.183,
            "p(90)": 11.818,
            "p(95)": 13.51
        },
        "http_req_failed": {
            "passes": 0,
            "fails": 50592,
            "value": 0
        }
    }
}