{
    "metrics": {
        "data_received": {
            "count": 76102290,
            "rate": 1521999.1659455555
        },
        "http_req_duration": {
            "min": 3.986,
            "med": 27.713,
            "max": 231.985,
            "p(90)": 41.5431,
            "p(95)": 46.388,
            "avg": 28.1952428328127
        },
        "http_req_connecting": {
            "p(90)": 0,
            "p(95)": 0,
            "avg": 0.0005417258018734031,
            "min": 0,
            "med": 0,
            "max": 4.426
        },
        "iterations": {
            "count": 70460,
            "rate": 1409.15682343493
        },
        "success_total": {
            "count": 70460,
            "rate": 1409.15682343493
        },
        "http_reqs": {
            "count": 70460,
            "rate": 1409.15682343493
        },
        "http_req_failed": {
            "passes": 0,
            "fails": 70460,
            "value": 0
        },
        "vus_max": {
            "value": 50,
            "min": 50,
            "max": 50
        },
        "data_sent": {
            "count": 7331475,
            "rate": 146625.00740977298
        },
        "http_req_sending": {
            "p(95)": 0.032,
            "avg": 0.018369216576780215,
            "min": 0.001,
            "med": 0.011,
            "max": 11.759,
            "p(90)": 0.023
        },
        "http_req_receiving": {
            "max": 17.854,
            "p(90)": 0.083,
            "p(95)": 0.122,
            "avg": 0.05784988646040047,
            "min": 0.005,
            "med": 0.036
        },
        "iteration_duration": {
            "avg": 28.37094660740864,
            "min": 4.083167,
            "med": 27.8766245,
            "max": 233.233292,
            "p(90)": 41.7380715,
            "p(95)": 46.57436044999999
        },
        "http_req_blocked": {
            "med": 0.003,
            "max": 9.255,
            "p(90)": 0.006,
            "p(95)": 0.008,
            "avg": 0.005734828271357301,
            "min": 0
        },
        "checks": {
            "passes": 70460,
            "fails": 0,
            "value": 1
        },
        "vus": {
            "max": 50,
            "value": 1,
            "min": 1
        },
        "http_req_duration{expected_response:true}": {
            "avg": 28.1952428328127,
            "min": 3.986,
            "med": 27.713,
            "max": 231.985,
            "p(90)": 41.5431,
            "p(95)": 46.388
        },
        "http_req_tls_handshaking": {
            "max": 0,
            "p(90)": 0,
            "p(95)": 0,
            "avg": 0,
            "min": 0,
            "med": 0
        },
        "http_req_waiting": {
            "avg": 28.119023729775687,
            "min": 3.932,
            "med": 27.6355,
            "max": 231.824,
            "p(90)": 41.453,
            "p(95)": 46.29314999999999
        }
    },
    "root_group": {
        "name": "",
        "path": "",
        "id": "d41d8cd98f00b204e9800998ecf8427e",
        "groups": {},
        "checks": {
                "POST /orders 201": {
                    "name": "POST /orders 201",
                    "path": "::POST /orders 201",
                    "id": "4b499a5302314fdd343249234e5fd479",
                    "passes": 14096,
                    "fails": 0
                },
                "GET /orders/:id 200": {
                    "name": "GET /orders/:id 200",
                    "path": "::GET /orders/:id 200",
                    "id": "ca384c3a859ffb946ea1d7d59aff1eec",
                    "passes": 35436,
                    "fails": 0
                },
                "GET /orders?user_id 200": {
                    "name": "GET /orders?user_id 200",
                    "path": "::GET /orders?user_id 200",
                    "id": "ab0b46c92b84870e38e5a604ac36187b",
                    "passes": 20928,
                    "fails": 0
                }
            }
    }
}