{
    "root_group": {
        "name": "",
        "path": "",
        "id": "d41d8cd98f00b204e9800998ecf8427e",
        "groups": {},
        "checks": {
                "GET /orders/:id 200": {
                    "name": "GET /orders/:id 200",
                    "path": "::GET /orders/:id 200",
                    "id": "ca384c3a859ffb946ea1d7d59aff1eec",
                    "passes": 37639,
                    "fails": 0
                },
                "POST /orders 201": {
                    "fails": 0,
                    "name": "POST /orders 201",
                    "path": "::POST /orders 201",
                    "id": "4b499a5302314fdd343249234e5fd479",
                    "passes": 15141
                },
                "GET /orders?user_id 200": {
                    "name": "GET /orders?user_id 200",
                    "path": "::GET /orders?user_id 200",
                    "id": "ab0b46c92b84870e38e5a604ac36187b",
                    "passes": 22681,
                    "fails": 0
                }
            }
    },
    "metrics": {
        "http_req_failed": {
            "passes": 0,
            "fails": 75461,
            "value": 0
        },
        "data_received": {
            "count": 82247625,
            "rate": 1644890.2902492227
        },
        "vus_max": {
            "value": 500,
            "min": 500,
            "max": 500
        },
        "http_reqs": {
            "count": 75461,
            "rate": 1509.162923458235
        },
        "http_req_blocked": {
            "avg": 0.009410781728309168,
            "min": 0,
            "med": 0.003,
            "max": 11.373,
            "p(90)": 0.006,
            "p(95)": 0.007
        },
        "checks": {
            "passes": 75461,
            "fails": 0,
            "value": 1
        },
        "http_req_sending": {
            "med": 0.01,
            "max": 8.48,
            "p(90)": 0.021,
            "p(95)": 0.031,
            "avg": 0.01621384556260695,
            "min": 0.001
        },
        "http_req_receiving": {
            "p(95)": 0.112,
            "avg": 0.05213482461138656,
            "min": 0.005,
            "med": 0.036,
            "max": 17.713,
            "p(90)": 0.078
        },
        "iteration_duration": {
            "avg": 265.62302700369696,
            "min": 4.817708,
            "med": 311.890542,
            "max": 507.645375,
            "p(90)": 342.159917,
            "p(95)": 352.550625
        },
        "http_req_tls_handshaking": {
            "avg": 0,
            "min": 0,
            "med": 0,
            "max": 0,
            "p(90)": 0,
            "p(95)": 0
        },
        "http_req_waiting": {
            "avg": 265.3804516505213,
            "min": 4.693,
            "med": 311.669,
            "max": 506.511,
            "p(90)": 341.934,
            "p(95)": 352.344
        },
        "http_req_duration": {
            "med": 311.73,
            "max": 506.635,
            "p(90)": 341.997,
            "p(95)": 352.403,
            "avg": 265.44880032069324,
            "min": 4.729
        },
        "iterations": {
            "count": 75461,
            "rate": 1509.162923458235
        },
        "http_req_duration{expected_response:true}": {
            "min": 4.729,
            "med": 311.73,
            "max": 506.635,
            "p(90)": 341.997,
            "p(95)": 352.403,
            "avg": 265.44880032069324
        },
        "http_req_connecting": {
            "p(90)": 0,
            "p(95)": 0,
            "avg": 0.004210347066696705,
            "min": 0,
            "med": 0,
            "max": 11.246
        },
        "success_total": {
            "count": 75461,
            "rate": 1509.162923458235
        },
        "vus": {
            "value": 2,
            "min": 2,
            "max": 500
        },
        "data_sent": {
            "rate": 157187.73515985624,
            "count": 7859684
        }
    }
}