{
    "metrics": {
        "iterations": {
            "count": 28626,
            "rate": 572.4767894519322
        },
        "http_req_blocked": {
            "avg": 0.01655858310626465,
            "min": 0,
            "med": 0.003,
            "max": 8.03,
            "p(90)": 0.007,
            "p(95)": 0.012
        },
        "data_sent": {
            "count": 2971663,
            "rate": 59428.77431611462
        },
        "http_req_failed": {
            "passes": 0,
            "fails": 28626,
            "value": 0
        },
        "checks": {
            "passes": 28626,
            "fails": 0,
            "value": 1
        },
        "vus_max": {
            "max": 500,
            "value": 500,
            "min": 500
        },
        "http_req_connecting": {
            "avg": 0.008952351009571723,
            "min": 0,
            "med": 0,
            "max": 7.924,
            "p(90)": 0,
            "p(95)": 0
        },
        "http_req_duration": {
            "avg": 702.6772100887302,
            "min": 1.943,
            "med": 771.5160000000001,
            "max": 1188.955,
            "p(90)": 1089.4825,
            "p(95)": 1101.0124999999998
        },
        "http_req_duration{expected_response:true}": {
            "p(95)": 1101.0124999999998,
            "avg": 702.6772100887302,
            "min": 1.943,
            "med": 771.5160000000001,
            "max": 1188.955,
            "p(90)": 1089.4825
        },
        "http_req_tls_handshaking": {
            "p(95)": 0,
            "avg": 0,
            "min": 0,
            "med": 0,
            "max": 0,
            "p(90)": 0
        },
        "http_req_waiting": {
            "p(95)": 1100.9299999999998,
            "avg": 702.5990982323736,
            "min": 1.906,
            "med": 771.483,
            "max": 1188.902,
            "p(90)": 1089.4080000000001
        },
        "vus": {
            "value": 2,
            "min": 2,
            "max": 500
        },
        "http_reqs": {
            "count": 28626,
            "rate": 572.4767894519322
        },
        "data_received": {
            "count": 29013689,
            "rate": 580229.9842407895
        },
        "http_req_sending": {
            "min": 0.001,
            "med": 0.011,
            "max": 6.506,
            "p(90)": 0.027,
            "p(95)": 0.044,
            "avg": 0.01947079578005872
        },
        "http_req_receiving": {
            "avg": 0.05864106057430226,
            "min": 0.005,
            "med": 0.039,
            "max": 4.582,
            "p(90)": 0.094,
            "p(95)": 0.137
        },
        "iteration_duration": {
            "avg": 702.8632913017186,
            "min": 2.067542,
            "med": 771.890729,
            "max": 1189.357125,
            "p(90)": 1089.676813,
            "p(95)": 1101.156
        },
        "success_total": {
            "count": 28626,
            "rate": 572.4767894519322
        }
    },
    "root_group": {
        "name": "",
        "path": "",
        "id": "d41d8cd98f00b204e9800998ecf8427e",
        "groups": {},
        "checks": {
                "GET /orders/:id 200": {
                    "path": "::GET /orders/:id 200",
                    "id": "ca384c3a859ffb946ea1d7d59aff1eec",
                    "passes": 14400,
                    "fails": 0,
                    "name": "GET /orders/:id 200"
                },
                "GET /orders?user_id 200": {
                    "fails": 0,
                    "name": "GET /orders?user_id 200",
                    "path": "::GET /orders?user_id 200",
                    "id": "ab0b46c92b84870e38e5a604ac36187b",
                    "passes": 8589
                },
                "POST /orders 201": {
                    "name": "POST /orders 201",
                    "path": "::POST /orders 201",
                    "id": "4b499a5302314fdd343249234e5fd479",
                    "passes": 5637,
                    "fails": 0
                }
            }
    }
}