{
    "root_group": {
        "groups": {},
        "checks": {
                "GET /orders?user_id 200": {
                    "fails": 0,
                    "name": "GET /orders?user_id 200",
                    "path": "::GET /orders?user_id 200",
                    "id": "ab0b46c92b84870e38e5a604ac36187b",
                    "passes": 8429
                },
                "GET /orders/:id 200": {
                    "id": "ca384c3a859ffb946ea1d7d59aff1eec",
                    "passes": 14377,
                    "fails": 0,
                    "name": "GET /orders/:id 200",
                    "path": "::GET /orders/:id 200"
                },
                "POST /orders 201": {
                    "path": "::POST /orders 201",
                    "id": "4b499a5302314fdd343249234e5fd479",
                    "passes": 5661,
                    "fails": 0,
                    "name": "POST /orders 201"
                }
            },
        "name": "",
        "path": "",
        "id": "d41d8cd98f00b204e9800998ecf8427e"
    },
    "metrics": {
        "http_req_failed": {
            "passes": 0,
            "fails": 28467,
            "value": 0
        },
        "data_sent": {
            "count": 2958598,
            "rate": 59166.56400936235
        },
        "http_req_tls_handshaking": {
            "avg": 0,
            "min": 0,
            "med": 0,
            "max": 0,
            "p(90)": 0,
            "p(95)": 0
        },
        "http_req_waiting": {
            "avg": 140.41913071275485,
            "min": 1.824,
            "med": 128.759,
            "max": 293.955,
            "p(90)": 208.1574,
            "p(95)": 215.79269999999997
        },
        "http_req_duration": {
            "max": 294.002,
            "p(90)": 208.2298,
            "p(95)": 215.8522,
            "avg": 140.4960663575374,
            "min": 1.843,
            "med": 128.824
        },
        "checks": {
            "passes": 28467,
            "fails": 0,
            "value": 1
        },
        "vus_max": {
            "value": 100,
            "min": 100,
            "max": 100
        },
        "http_reqs": {
            "count": 28467,
            "rate": 569.2880809270195
        },
        "http_req_connecting": {
            "max": 1.583,
            "p(90)": 0,
            "p(95)": 0,
            "avg": 0.0015285418203533914,
            "min": 0,
            "med": 0
        },
        "success_total": {
            "count": 28467,
            "rate": 569.2880809270195
        },
        "iteration_duration": {
            "p(90)": 208.4275004,
            "p(95)": 216.04679119999997,
            "avg": 140.67092999820792,
            "min": 1.896667,
            "med": 129.012125,
            "max": 294.159208
        },
        "http_req_sending": {
            "med": 0.011,
            "max": 5.205,
            "p(90)": 0.026,
            "p(95)": 0.037,
            "avg": 0.018561984051707798,
            "min": 0.001
        },
        "data_received": {
            "count": 28559826,
            "rate": 571144.4316278356
        },
        "vus": {
            "value": 1,
            "min": 1,
            "max": 100
        },
        "http_req_duration{expected_response:true}": {
            "p(95)": 215.8522,
            "avg": 140.4960663575374,
            "min": 1.843,
            "med": 128.824,
            "max": 294.002,
            "p(90)": 208.2298
        },
        "http_req_receiving": {
            "med": 0.039,
            "max": 8.932,
            "p(90)": 0.092,
            "p(95)": 0.134,
            "avg": 0.05837366072996703,
            "min": 0.005
        },
        "http_req_blocked": {
            "p(95)": 0.01,
            "avg": 0.008114167281411358,
            "min": 0,
            "med": 0.003,
            "max": 10.926,
            "p(90)": 0.006
        },
        "iterations": {
            "rate": 569.2880809270195,
            "count": 28467
        }
    }
}