{
    "root_group": {
        "name": "",
        "path": "",
        "id": "d41d8cd98f00b204e9800998ecf8427e",
        "groups": {},
        "checks": {
                "GET /orders?user_id 200": {
                    "name": "GET /orders?user_id 200",
                    "path": "::GET /orders?user_id 200",
                    "id": "ab0b46c92b84870e38e5a604ac36187b",
                    "passes": 8547,
                    "fails": 0
                },
                "GET /orders/:id 200": {
                    "name": "GET /orders/:id 200",
                    "path": "::GET /orders/:id 200",
                    "id": "ca384c3a859ffb946ea1d7d59aff1eec",
                    "passes": 14571,
                    "fails": 0
                },
                "POST /orders 201": {
                    "name": "POST /orders 201",
                    "path": "::POST /orders 201",
                    "id": "4b499a5302314fdd343249234e5fd479",
                    "passes": 5800,
                    "fails": 0
                }
            }
    },
    "metrics": {
        "http_req_tls_handshaking": {
            "max": 0,
            "p(90)": 0,
            "p(95)": 0,
            "avg": 0,
            "min": 0,
            "med": 0
        },
        "iteration_duration": {
            "max": 294.157458,
            "p(90)": 205.4534625,
            "p(95)": 211.44269369999998,
            "avg": 138.55339136112428,
            "min": 2.003417,
            "med": 124.8738955
        },
        "http_req_waiting": {
            "p(95)": 211.12774999999996,
            "avg": 138.29316515664976,
            "min": 1.917,
            "med": 124.60849999999999,
            "max": 293.685,
            "p(90)": 205.2081
        },
        "http_req_duration": {
            "p(95)": 211.24584999999996,
            "avg": 138.37213517532405,
            "min": 1.948,
            "med": 124.7015,
            "max": 293.746,
            "p(90)": 205.268
        },
        "http_req_sending": {
            "p(95)": 0.038,
            "avg": 0.018681409502730558,
            "min": 0.001,
            "med": 0.011,
            "max": 5.245,
            "p(90)": 0.025
        },
        "data_sent": {
            "count": 3009802,
            "rate": 60190.23525371213
        },
        "vus": {
            "min": 1,
            "max": 100,
            "value": 1
        },
        "checks": {
            "passes": 28918,
            "fails": 0,
            "value": 1
        },
        "iterations": {
            "rate": 578.3042283402189,
            "count": 28918
        },
        "vus_max": {
            "value": 100,
            "min": 100,
            "max": 100
        },
        "data_received": {
            "rate": 579406.9619925854,
            "count": 28973142
        },
        "http_req_receiving": {
            "med": 0.038,
            "max": 8.598,
            "p(90)": 0.092,
            "p(95)": 0.142,
            "avg": 0.06028860917075742,
            "min": 0.005
        },
        "http_req_duration{expected_response:true}": {
            "med": 124.7015,
            "max": 293.746,
            "p(90)": 205.268,
            "p(95)": 211.24584999999996,
            "avg": 138.37213517532405,
            "min": 1.948
        },
        "http_req_failed": {
            "passes": 0,
            "fails": 28918,
            "value": 0
        },
        "success_total": {
            "count": 28918,
            "rate": 578.3042283402189
        },
        "http_req_blocked": {
            "avg": 0.007436371809943423,
            "min": 0,
            "med": 0.003,
            "max": 7.257,
            "p(90)": 0.006,
            "p(95)": 0.01
        },
        "http_reqs": {
            "count": 28918,
            "rate": 578.3042283402189
        },
        "http_req_connecting": {
            "med": 0,
            "max": 7.069,
            "p(90)": 0,
            "p(95)": 0,
            "avg": 0.0018368490213707723,
            "min": 0
        }
    }
}