{
    "root_group": {
        "path": "",
        "id": "d41d8cd98f00b204e9800998ecf8427e",
        "groups": {},
        "checks": {
                "GET /orders?user_id 200": {
                    "fails": 0,
                    "name": "GET /orders?user_id 200",
                    "path": "::GET /orders?user_id 200",
                    "id": "ab0b46c92b84870e38e5a604ac36187b",
                    "passes": 8567
                },
                "POST /orders 201": {
                    "name": "POST /orders 201",
                    "path": "::POST /orders 201",
                    "id": "4b499a5302314fdd343249234e5fd479",
                    "passes": 5807,
                    "fails": 0
                },
                "GET /orders/:id 200": {
                    "name": "GET /orders/:id 200",
                    "path": "::GET /orders/:id 200",
                    "id": "ca384c3a859ffb946ea1d7d59aff1eec",
                    "passes": 14062,
                    "fails": 0
                }
            },
        "name": ""
    },
    "metrics": {
        "iterations": {
            "count": 28436,
            "rate": 568.610906311515
        },
        "http_req_connecting": {
            "avg": 0.009203193135462098,
            "min": 0,
            "med": 0,
            "max": 4.937,
            "p(90)": 0,
            "p(95)": 0
        },
        "success_total": {
            "count": 28436,
            "rate": 568.610906311515
        },
        "vus_max": {
            "value": 500,
            "min": 500,
            "max": 500
        },
        "checks": {
            "passes": 28436,
            "fails": 0,
            "value": 1
        },
        "http_req_receiving": {
            "avg": 0.0567794696863111,
            "min": 0.005,
            "med": 0.038,
            "max": 9.147,
            "p(90)": 0.086,
            "p(95)": 0.13
        },
        "http_reqs": {
            "count": 28436,
            "rate": 568.610906311515
        },
        "http_req_sending": {
            "med": 0.011,
            "max": 4.801,
            "p(90)": 0.025,
            "p(95)": 0.043,
            "avg": 0.018862146574763147,
            "min": 0.001
        },
        "iteration_duration": {
            "min": 1.96675,
            "med": 730.2007705,
            "max": 1206.402709,
            "p(90)": 1091.8547915000001,
            "p(95)": 1099.61077075,
            "avg": 707.4726396958728
        },
        "http_req_tls_handshaking": {
            "max": 0,
            "p(90)": 0,
            "p(95)": 0,
            "avg": 0,
            "min": 0,
            "med": 0
        },
        "http_req_blocked": {
            "min": 0,
            "med": 0.003,
            "max": 5.095,
            "p(90)": 0.006,
            "p(95)": 0.012,
            "avg": 0.016721690814458155
        },
        "http_req_waiting": {
            "avg": 707.2111968631351,
            "min": 1.935,
            "med": 729.796,
            "max": 1206.287,
            "p(90)": 1091.6335000000001,
            "p(95)": 1099.3407499999998
        },
        "data_sent": {
            "count": 2971144,
            "rate": 59411.48131319525
        },
        "http_req_duration": {
            "avg": 707.2868384793976,
            "min": 1.948,
            "med": 729.8534999999999,
            "max": 1206.308,
            "p(90)": 1091.693,
            "p(95)": 1099.435
        },
        "vus": {
            "value": 3,
            "min": 3,
            "max": 500
        },
        "http_req_duration{expected_response:true}": {
            "avg": 707.2868384793976,
            "min": 1.948,
            "med": 729.8534999999999,
            "max": 1206.308,
            "p(90)": 1091.693,
            "p(95)": 1099.435
        },
        "http_req_failed": {
            "passes": 0,
            "fails": 28436,
            "value": 0
        },
        "data_received": {
            "count": 28909992,
            "rate": 578088.9278583011
        }
    }
}