{
    "metrics": {
        "http_req_duration": {
            "max": 202.413,
            "p(90)": 105.76350000000001,
            "p(95)": 111.03625,
            "avg": 72.40910675705058,
            "min": 1.872,
            "med": 89.3845
        },
        "http_req_sending": {
            "p(95)": 0.037,
            "avg": 0.020292140941055685,
            "min": 0.001,
            "med": 0.011,
            "max": 5.763,
            "p(90)": 0.026
        },
        "data_received": {
            "count": 27998589,
            "rate": 559899.4521887662
        },
        "data_sent": {
            "count": 2881576,
            "rate": 57624.07612184658
        },
        "http_req_waiting": {
            "med": 89.309,
            "max": 202.354,
            "p(90)": 105.68400000000001,
            "p(95)": 110.94874999999998,
            "avg": 72.33084822011217,
            "min": 1.838
        },
        "http_reqs": {
            "count": 27586,
            "rate": 551.6487380160231
        },
        "checks": {
            "passes": 27586,
            "fails": 0,
            "value": 1
        },
        "vus": {
            "value": 1,
            "min": 1,
            "max": 50
        },
        "vus_max": {
            "value": 50,
            "min": 50,
            "max": 50
        },
        "http_req_blocked": {
            "p(90)": 0.006,
            "p(95)": 0.009,
            "avg": 0.006160407453054933,
            "min": 0,
            "med": 0.003,
            "max": 4.104
        },
        "http_req_duration{expected_response:true}": {
            "med": 89.3845,
            "max": 202.413,
            "p(90)": 105.76350000000001,
            "p(95)": 111.03625,
            "avg": 72.40910675705058,
            "min": 1.872
        },
        "http_req_connecting": {
            "avg": 0.0008032697745233088,
            "min": 0,
            "med": 0,
            "max": 1.07,
            "p(90)": 0,
            "p(95)": 0
        },
        "http_req_failed": {
            "passes": 0,
            "fails": 27586,
            "value": 0
        },
        "iteration_duration": {
            "med": 89.54356200000001,
            "max": 202.602667,
            "p(90)": 105.9559375,
            "p(95)": 111.25156274999999,
            "avg": 72.58501212129345,
            "min": 1.939792
        },
        "http_req_tls_handshaking": {
            "max": 0,
            "p(90)": 0,
            "p(95)": 0,
            "avg": 0,
            "min": 0,
            "med": 0
        },
        "http_req_receiving": {
            "avg": 0.05796639599796861,
            "min": 0.005,
            "med": 0.038,
            "max": 6.803,
            "p(90)": 0.091,
            "p(95)": 0.133
        },
        "success_total": {
            "count": 27586,
            "rate": 551.6487380160231
        },
        "iterations": {
            "count": 27586,
            "rate": 551.6487380160231
        }
    },
    "root_group": {
        "checks": {
            "GET /orders?user_id 200": {
                "name": "GET /orders?user_id 200",
                "path": "::GET /orders?user_id 200",
                "id": "ab0b46c92b84870e38e5a604ac36187b",
                "passes": 8293,
                "fails": 0
            },
            "GET /orders/:id 200": {
                "name": "GET /orders/:id 200",
                "path": "::GET /orders/:id 200",
                "id": "ca384c3a859ffb946ea1d7d59aff1eec",
                "passes": 13665,
                "fails": 0
            },
            "POST /orders 201": {
                "path": "::POST /orders 201",
                "id": "4b499a5302314fdd343249234e5fd479",
                "passes": 5628,
                "fails": 0,
                "name": "POST /orders 201"
            }
        },
        "name": "",
        "path": "",
        "id": "d41d8cd98f00b204e9800998ecf8427e",
        "groups": {}
    }
}