{
    "root_group": {
        "name": "",
        "path": "",
        "id": "d41d8cd98f00b204e9800998ecf8427e",
        "groups": {},
        "checks": {
                "GET /orders/:id 200": {
                    "passes": 14329,
                    "fails": 0,
                    "name": "GET /orders/:id 200",
                    "path": "::GET /orders/:id 200",
                    "id": "ca384c3a859ffb946ea1d7d59aff1eec"
                },
                "POST /orders 201": {
                    "name": "POST /orders 201",
                    "path": "::POST /orders 201",
                    "id": "4b499a5302314fdd343249234e5fd479",
                    "passes": 5744,
                    "fails": 0
                },
                "GET /orders?user_id 200": {
                    "fails": 0,
                    "name": "GET /orders?user_id 200",
                    "path": "::GET /orders?user_id 200",
                    "id": "ab0b46c92b84870e38e5a604ac36187b",
                    "passes": 8566
                }
            }
    },
    "metrics": {
        "data_received": {
            "rate": 579005.4973277312,
            "count": 28952130
        },
        "http_req_duration": {
            "avg": 139.54776308530276,
            "min": 1.753,
            "med": 124.796,
            "max": 292.532,
            "p(90)": 205.9462,
            "p(95)": 213.4621
        },
        "http_req_duration{expected_response:true}": {
            "max": 292.532,
            "p(90)": 205.9462,
            "p(95)": 213.4621,
            "avg": 139.54776308530276,
            "min": 1.753,
            "med": 124.796
        },
        "checks": {
            "passes": 28639,
            "fails": 0,
            "value": 1
        },
        "iteration_duration": {
            "min": 1.812708,
            "med": 124.984125,
            "max": 292.633833,
            "p(90)": 206.13770820000002,
            "p(95)": 213.6113212,
            "avg": 139.7233443125816
        },
        "vus_max": {
            "value": 100,
            "min": 100,
            "max": 100
        },
        "http_req_tls_handshaking": {
            "avg": 0,
            "min": 0,
            "med": 0,
            "max": 0,
            "p(90)": 0,
            "p(95)": 0
        },
        "vus": {
            "value": 1,
            "min": 1,
            "max": 100
        },
        "http_req_waiting": {
            "med": 124.737,
            "max": 292.479,
            "p(90)": 205.8876,
            "p(95)": 213.33209999999994,
            "avg": 139.47351188938157,
            "min": 1.724
        },
        "http_req_connecting": {
            "avg": 0.004965396836481722,
            "min": 0,
            "med": 0,
            "max": 10.054,
            "p(90)": 0,
            "p(95)": 0
        },
        "http_req_sending": {
            "p(90)": 0.024,
            "p(95)": 0.036,
            "avg": 0.018058870770625988,
            "min": 0.001,
            "med": 0.011,
            "max": 6.459
        },
        "http_req_blocked": {
            "p(95)": 0.009,
            "avg": 0.011422535703059499,
            "min": 0,
            "med": 0.003,
            "max": 10.17,
            "p(90)": 0.006
        },
        "http_req_receiving": {
            "p(90)": 0.085,
            "p(95)": 0.127,
            "avg": 0.05619232515101665,
            "min": 0.005,
            "med": 0.036,
            "max": 17.659
        },
        "data_sent": {
            "count": 2982043,
            "rate": 59637.03845857558
        },
        "iterations": {
            "count": 28639,
            "rate": 572.7432986094251
        },
        "http_reqs": {
            "count": 28639,
            "rate": 572.7432986094251
        },
        "http_req_failed": {
            "passes": 0,
            "fails": 28639,
            "value": 0
        },
        "success_total": {
            "count": 28639,
            "rate": 572.7432986094251
        }
    }
}