{
    "metrics": {
        "http_req_tls_handshaking": {
            "med": 0,
            "max": 0,
            "p(90)": 0,
            "p(95)": 0,
            "avg": 0,
            "min": 0
        },
        "vus": {
            "value": 1,
            "min": 1,
            "max": 100
        },
        "http_req_waiting": {
            "p(95)": 300.4352,
            "avg": 205.3074736896146,
            "min": 2.251,
            "med": 205.815,
            "max": 402.758,
            "p(90)": 297.3762
        },
        "http_req_receiving": {
            "avg": 0.06347943939627258,
            "min": 0.007,
            "med": 0.038,
            "max": 12.316,
            "p(90)": 0.1,
            "p(95)": 0.148
        },
        "http_req_blocked": {
            "min": 0,
            "med": 0.003,
            "max": 1.376,
            "p(90)": 0.006,
            "p(95)": 0.009,
            "avg": 0.007437702140765857
        },
        "checks": {
            "passes": 19479,
            "fails": 0,
            "value": 1
        },
        "http_reqs": {
            "count": 19479,
            "rate": 389.51368918955234
        },
        "http_req_duration": {
            "avg": 205.38868201653096,
            "min": 2.306,
            "med": 205.879,
            "max": 402.807,
            "p(90)": 297.44620000000003,
            "p(95)": 300.50379999999996
        },
        "http_req_failed": {
            "passes": 0,
            "fails": 19479,
            "value": 0
        },
        "success_total": {
            "count": 19479,
            "rate": 389.51368918955234
        },
        "iterations": {
            "rate": 389.51368918955234,
            "count": 19479
        },
        "http_req_duration{expected_response:true}": {
            "avg": 205.38868201653096,
            "min": 2.306,
            "med": 205.879,
            "max": 402.807,
            "p(90)": 297.44620000000003,
            "p(95)": 300.50379999999996
        },
        "data_sent": {
            "count": 2036488,
            "rate": 40722.82734587263
        },
        "http_req_connecting": {
            "p(90)": 0,
            "p(95)": 0,
            "avg": 0.0023067919297705217,
            "min": 0,
            "med": 0,
            "max": 0.71
        },
        "iteration_duration": {
            "p(95)": 300.69112079999996,
            "avg": 205.5704739073364,
            "min": 2.385084,
            "med": 206.055417,
            "max": 402.96825,
            "p(90)": 297.610058
        },
        "data_received": {
            "count": 21431348,
            "rate": 428554.0029665349
        },
        "http_req_sending": {
            "min": 0.002,
            "med": 0.01,
            "max": 3.526,
            "p(90)": 0.026,
            "p(95)": 0.038,
            "avg": 0.017728887519892104
        },
        "vus_max": {
            "value": 100,
            "min": 100,
            "max": 100
        }
    },
    "root_group": {
        "checks": {
            "POST /orders 201": {
                "path": "::POST /orders 201",
                "id": "4b499a5302314fdd343249234e5fd479",
                "passes": 4006,
                "fails": 0,
                "name": "POST /orders 201"
            },
            "GET /orders/:id 200": {
                "id": "ca384c3a859ffb946ea1d7d59aff1eec",
                "passes": 9701,
                "fails": 0,
                "name": "GET /orders/:id 200",
                "path": "::GET /orders/:id 200"
            },
            "GET /orders?user_id 200": {
                "name": "GET /orders?user_id 200",
                "path": "::GET /orders?user_id 200",
                "id": "ab0b46c92b84870e38e5a604ac36187b",
                "passes": 5772,
                "fails": 0
            }
        },
        "name": "",
        "path": "",
        "id": "d41d8cd98f00b204e9800998ecf8427e",
        "groups": {}
    }
}