{
    "metrics": {
        "http_req_duration": {
            "med": 2898.466,
            "max": 13351.619,
            "p(90)": 4902.6212,
            "p(95)": 5097.6515,
            "avg": 3219.5765010164278,
            "min": 2.587
        },
        "iterations": {
            "count": 6395,
            "rate": 127.7547403051782
        },
        "http_req_tls_handshaking": {
            "max": 0,
            "p(90)": 0,
            "p(95)": 0,
            "avg": 0,
            "min": 0,
            "med": 0
        },
        "http_req_blocked": {
            "med": 0.003,
            "max": 5.063,
            "p(90)": 0.013,
            "p(95)": 0.4252999999999997,
            "avg": 0.04961985926504881,
            "min": 0
        },
        "http_req_failed": {
            "passes": 0,
            "fails": 6395,
            "value": 0
        },
        "http_req_receiving": {
            "min": 0.007,
            "med": 0.041,
            "max": 1.775,
            "p(90)": 0.104,
            "p(95)": 0.141,
            "avg": 0.055688663017981976
        },
        "vus_max": {
            "value": 500,
            "min": 500,
            "max": 500
        },
        "http_req_duration{expected_response:true}": {
            "p(90)": 4902.6212,
            "p(95)": 5097.6515,
            "avg": 3219.5765010164278,
            "min": 2.587,
            "med": 2898.466,
            "max": 13351.619
        },
        "http_req_waiting": {
            "min": 2.574,
            "med": 2898.41,
            "max": 13351.44,
            "p(90)": 4902.568,
            "p(95)": 5097.576,
            "avg": 3219.497012040646
        },
        "data_sent": {
            "count": 670982,
            "rate": 13404.398930328238
        },
        "vus": {
            "min": 4,
            "max": 500,
            "value": 4
        },
        "data_received": {
            "count": 6704289,
            "rate": 133933.49493758607
        },
        "http_req_connecting": {
            "avg": 0.03693103987490226,
            "min": 0,
            "med": 0,
            "max": 4.958,
            "p(90)": 0,
            "p(95)": 0.33989999999999915
        },
        "http_reqs": {
            "count": 6395,
            "rate": 127.7547403051782
        },
        "http_req_sending": {
            "p(95)": 0.086,
            "avg": 0.023800312744331257,
            "min": 0.001,
            "med": 0.013,
            "max": 1.186,
            "p(90)": 0.042
        },
        "success_total": {
            "rate": 127.7547403051782,
            "count": 6395
        },
        "iteration_duration": {
            "p(90)": 4902.696025,
            "p(95)": 5097.7347338,
            "avg": 3219.7655347813998,
            "min": 2.613333,
            "med": 2898.826167,
            "max": 13352.853958
        },
        "checks": {
            "passes": 6395,
            "fails": 0,
            "value": 1
        }
    },
    "root_group": {
        "path": "",
        "id": "d41d8cd98f00b204e9800998ecf8427e",
        "groups": {},
        "checks": {
                "GET /orders/:id 200": {
                    "name": "GET /orders/:id 200",
                    "path": "::GET /orders/:id 200",
                    "id": "ca384c3a859ffb946ea1d7d59aff1eec",
                    "passes": 3201,
                    "fails": 0
                },
                "GET /orders?user_id 200": {
                    "name": "GET /orders?user_id 200",
                    "path": "::GET /orders?user_id 200",
                    "id": "ab0b46c92b84870e38e5a604ac36187b",
                    "passes": 1844,
                    "fails": 0
                },
                "POST /orders 201": {
                    "name": "POST /orders 201",
                    "path": "::POST /orders 201",
                    "id": "4b499a5302314fdd343249234e5fd479",
                    "passes": 1350,
                    "fails": 0
                }
            },
        "name": ""
    }
}