{
    "root_group": {
        "path": "",
        "id": "d41d8cd98f00b204e9800998ecf8427e",
        "groups": {},
        "checks": {
                "GET /orders?user_id 200": {
                    "id": "ab0b46c92b84870e38e5a604ac36187b",
                    "passes": 10900,
                    "fails": 0,
                    "name": "GET /orders?user_id 200",
                    "path": "::GET /orders?user_id 200"
                },
                "POST /orders 201": {
                    "passes": 7192,
                    "fails": 0,
                    "name": "POST /orders 201",
                    "path": "::POST /orders 201",
                    "id": "4b499a5302314fdd343249234e5fd479"
                },
                "GET /orders/:id 200": {
                    "name": "GET /orders/:id 200",
                    "path": "::GET /orders/:id 200",
                    "id": "ca384c3a859ffb946ea1d7d59aff1eec",
                    "passes": 18331,
                    "fails": 0
                }
            },
        "name": ""
    },
    "metrics": {
        "vus_max": {
            "value": 100,
            "min": 100,
            "max": 100
        },
        "checks": {
            "passes": 36423,
            "fails": 0,
            "value": 1
        },
        "http_reqs": {
            "rate": 728.334289501632,
            "count": 36423
        },
        "http_req_duration{expected_response:true}": {
            "max": 251.61,
            "p(90)": 185.41479999999999,
            "p(95)": 196.49169999999998,
            "avg": 109.7376621640174,
            "min": 2.883,
            "med": 119.829
        },
        "http_req_sending": {
            "avg": 0.018160283337449876,
            "min": 0.001,
            "med": 0.014,
            "max": 3.525,
            "p(90)": 0.026,
            "p(95)": 0.034
        },
        "http_req_duration": {
            "avg": 109.7376621640174,
            "min": 2.883,
            "med": 119.829,
            "max": 251.61,
            "p(90)": 185.41479999999999,
            "p(95)": 196.49169999999998
        },
        "vus": {
            "value": 1,
            "min": 1,
            "max": 100
        },
        "http_req_tls_handshaking": {
            "max": 0,
            "p(90)": 0,
            "p(95)": 0,
            "avg": 0,
            "min": 0,
            "med": 0
        },
        "http_req_failed": {
            "passes": 0,
            "fails": 36423,
            "value": 0
        },
        "iteration_duration": {
            "min": 3.024292,
            "med": 120.018875,
            "max": 251.77425,
            "p(90)": 185.5822,
            "p(95)": 196.6676122,
            "avg": 109.91022098756233
        },
        "data_received": {
            "count": 42222541,
            "rate": 844305.0929409584
        },
        "http_req_receiving": {
            "med": 0.047,
            "max": 8.28,
            "p(90)": 0.095,
            "p(95)": 0.126,
            "avg": 0.06161598440545768,
            "min": 0.008
        },
        "http_req_waiting": {
            "avg": 109.65788589627454,
            "min": 2.838,
            "med": 119.769,
            "max": 251.485,
            "p(90)": 185.342,
            "p(95)": 196.41709999999998
        },
        "iterations": {
            "count": 36423,
            "rate": 728.334289501632
        },
        "http_req_blocked": {
            "p(95)": 0.009,
            "avg": 0.0067797820058728715,
            "min": 0,
            "med": 0.004,
            "max": 4.496,
            "p(90)": 0.007
        },
        "data_sent": {
            "count": 3782502,
            "rate": 75636.98505637927
        },
        "success_total": {
            "count": 36423,
            "rate": 728.334289501632
        },
        "http_req_connecting": {
            "max": 4.402,
            "p(90)": 0,
            "p(95)": 0,
            "avg": 0.0014777201219009972,
            "min": 0,
            "med": 0
        }
    }
}