{
    "root_group": {
        "groups": {},
        "checks": {
                "POST /orders 201": {
                    "name": "POST /orders 201",
                    "path": "::POST /orders 201",
                    "id": "4b499a5302314fdd343249234e5fd479",
                    "passes": 7394,
                    "fails": 0
                },
                "GET /orders?user_id 200": {
                    "name": "GET /orders?user_id 200",
                    "path": "::GET /orders?user_id 200",
                    "id": "ab0b46c92b84870e38e5a604ac36187b",
                    "passes": 10899,
                    "fails": 0
                },
                "GET /orders/:id 200": {
                    "path": "::GET /orders/:id 200",
                    "id": "ca384c3a859ffb946ea1d7d59aff1eec",
                    "passes": 18587,
                    "fails": 0,
                    "name": "GET /orders/:id 200"
                }
            },
        "name": "",
        "path": "",
        "id": "d41d8cd98f00b204e9800998ecf8427e"
    },
    "metrics": {
        "http_req_waiting": {
            "min": 2.686,
            "med": 55.49,
            "max": 160.254,
            "p(90)": 87.24770000000001,
            "p(95)": 105.90979999999998,
            "avg": 53.96140539587824
        },
        "data_sent": {
            "count": 3838125,
            "rate": 76762.53838126919
        },
        "http_req_tls_handshaking": {
            "avg": 0,
            "min": 0,
            "med": 0,
            "max": 0,
            "p(90)": 0,
            "p(95)": 0
        },
        "http_req_blocked": {
            "avg": 0.0063910520607351915,
            "min": 0,
            "med": 0.004,
            "max": 4.28,
            "p(90)": 0.007,
            "p(95)": 0.009
        },
        "http_req_receiving": {
            "avg": 0.06657651843817766,
            "min": 0.006,
            "med": 0.051,
            "max": 10.972,
            "p(90)": 0.103,
            "p(95)": 0.139
        },
        "iterations": {
            "rate": 737.6003688001844,
            "count": 36880
        },
        "vus_max": {
            "value": 50,
            "min": 50,
            "max": 50
        },
        "iteration_duration": {
            "min": 2.871,
            "med": 55.770770999999996,
            "max": 160.4415,
            "p(90)": 87.58714610000001,
            "p(95)": 106.19035799999993,
            "avg": 54.237712177277274
        },
        "http_reqs": {
            "count": 36880,
            "rate": 737.6003688001844
        },
        "http_req_duration": {
            "max": 160.307,
            "p(90)": 87.3722,
            "p(95)": 105.98294999999997,
            "avg": 54.048564967462084,
            "min": 2.743,
            "med": 55.575500000000005
        },
        "http_req_connecting": {
            "min": 0,
            "med": 0,
            "max": 4.086,
            "p(90)": 0,
            "p(95)": 0,
            "avg": 0.0007294468546637745
        },
        "http_req_sending": {
            "min": 0.001,
            "med": 0.015,
            "max": 6.612,
            "p(90)": 0.029,
            "p(95)": 0.039049999999998364,
            "avg": 0.020583053145334994
        },
        "data_received": {
            "count": 42391766,
            "rate": 847835.743917872
        },
        "checks": {
            "passes": 36880,
            "fails": 0,
            "value": 1
        },
        "http_req_failed": {
            "fails": 36880,
            "passes": 0,
            "value": 0
        },
        "success_total": {
            "count": 36880,
            "rate": 737.6003688001844
        },
        "vus": {
            "max": 50,
            "value": 1,
            "min": 1
        },
        "http_req_duration{expected_response:true}": {
            "avg": 54.048564967462084,
            "min": 2.743,
            "med": 55.575500000000005,
            "max": 160.307,
            "p(90)": 87.3722,
            "p(95)": 105.98294999999997
        }
    }
}