{
    "root_group": {
        "id": "d41d8cd98f00b204e9800998ecf8427e",
        "groups": {},
        "checks": {
                "GET /orders/:id 200": {
                    "id": "ca384c3a859ffb946ea1d7d59aff1eec",
                    "passes": 5141,
                    "fails": 0,
                    "name": "GET /orders/:id 200",
                    "path": "::GET /orders/:id 200"
                },
                "GET /orders?user_id 200": {
                    "id": "ab0b46c92b84870e38e5a604ac36187b",
                    "passes": 3089,
                    "fails": 0,
                    "name": "GET /orders?user_id 200",
                    "path": "::GET /orders?user_id 200"
                },
                "POST /orders 201": {
                    "name": "POST /orders 201",
                    "path": "::POST /orders 201",
                    "id": "4b499a5302314fdd343249234e5fd479",
                    "passes": 2107,
                    "fails": 0
                }
            },
        "name": "",
        "path": ""
    },
    "metrics": {
        "http_req_duration{expected_response:true}": {
            "med": 201.584,
            "max": 465.473,
            "p(90)": 298.76640000000003,
            "p(95)": 305.6814,
            "avg": 193.4917006868531,
            "min": 4.07
        },
        "http_req_waiting": {
            "p(95)": 305.5034,
            "avg": 193.14762639063605,
            "min": 3.916,
            "med": 201.427,
            "max": 465.398,
            "p(90)": 298.6582
        },
        "iteration_duration": {
            "avg": 193.69441996788305,
            "min": 4.233625,
            "med": 201.721958,
            "max": 465.676,
            "p(90)": 298.9531084,
            "p(95)": 305.8597916
        },
        "checks": {
            "passes": 10337,
            "fails": 0,
            "value": 1
        },
        "http_reqs": {
            "count": 10337,
            "rate": 206.72439644255653
        },
        "http_req_connecting": {
            "max": 1.102,
            "p(90)": 0,
            "p(95)": 0,
            "avg": 0.002362000580439199,
            "min": 0,
            "med": 0
        },
        "http_req_sending": {
            "min": 0.002,
            "med": 0.015,
            "max": 5.046,
            "p(90)": 0.034,
            "p(95)": 0.04519999999999954,
            "avg": 0.022380187675340467
        },
        "vus_max": {
            "max": 50,
            "value": 50,
            "min": 50
        },
        "http_req_duration": {
            "p(90)": 298.76640000000003,
            "p(95)": 305.6814,
            "avg": 193.4917006868531,
            "min": 4.07,
            "med": 201.584,
            "max": 465.473
        },
        "http_req_receiving": {
            "max": 57.63,
            "p(90)": 0.191,
            "p(95)": 0.27519999999999956,
            "avg": 0.3216941085421309,
            "min": 0.007,
            "med": 0.061
        },
        "http_req_tls_handshaking": {
            "avg": 0,
            "min": 0,
            "med": 0,
            "max": 0,
            "p(90)": 0,
            "p(95)": 0
        },
        "http_req_failed": {
            "passes": 0,
            "fails": 10337,
            "value": 0
        },
        "data_sent": {
            "count": 1079372,
            "rate": 21585.810703008137
        },
        "http_req_blocked": {
            "avg": 0.008869497920093021,
            "min": 0,
            "med": 0.004,
            "max": 2.007,
            "p(90)": 0.009,
            "p(95)": 0.012
        },
        "vus": {
            "value": 1,
            "min": 1,
            "max": 50
        },
        "data_received": {
            "rate": 235872.81631982417,
            "count": 11794531
        },
        "iterations": {
            "count": 10337,
            "rate": 206.72439644255653
        },
        "success_total": {
            "count": 10337,
            "rate": 206.72439644255653
        }
    }
}