{
    "root_group": {
        "path": "",
        "id": "d41d8cd98f00b204e9800998ecf8427e",
        "groups": {},
        "checks": {
                "GET /orders/:id 200": {
                    "name": "GET /orders/:id 200",
                    "path": "::GET /orders/:id 200",
                    "id": "ca384c3a859ffb946ea1d7d59aff1eec",
                    "passes": 8622,
                    "fails": 0
                },
                "POST /orders 201": {
                    "path": "::POST /orders 201",
                    "id": "4b499a5302314fdd343249234e5fd479",
                    "passes": 3351,
                    "fails": 0,
                    "name": "POST /orders 201"
                },
                "GET /orders?user_id 200": {
                    "name": "GET /orders?user_id 200",
                    "path": "::GET /orders?user_id 200",
                    "id": "ab0b46c92b84870e38e5a604ac36187b",
                    "passes": 5041,
                    "fails": 0
                }
            },
        "name": ""
    },
    "metrics": {
        "http_req_duration{expected_response:true}": {
            "p(95)": 200.76675,
            "avg": 117.4494196544018,
            "min": 2.16,
            "med": 103.12899999999999,
            "max": 694.469,
            "p(90)": 195.6311
        },
        "data_received": {
            "count": 17414500,
            "rate": 348278.08192403655
        },
        "iteration_duration": {
            "med": 103.27074999999999,
            "max": 694.555458,
            "p(90)": 195.7953626,
            "p(95)": 200.92683125,
            "avg": 117.60339337668918,
            "min": 2.234417
        },
        "vus": {
            "value": 1,
            "min": 1,
            "max": 50
        },
        "http_req_connecting": {
            "max": 1.658,
            "p(90)": 0,
            "p(95)": 0,
            "avg": 0.001098213236158458,
            "min": 0,
            "med": 0
        },
        "success_total": {
            "count": 17014,
            "rate": 340.2683560168571
        },
        "vus_max": {
            "value": 50,
            "min": 50,
            "max": 50
        },
        "data_sent": {
            "count": 1765460,
            "rate": 35307.99176052195
        },
        "http_req_waiting": {
            "avg": 117.38062666039747,
            "min": 2.128,
            "med": 103.072,
            "max": 694.431,
            "p(90)": 195.5743,
            "p(95)": 200.68775
        },
        "http_req_failed": {
            "passes": 0,
            "fails": 17014,
            "value": 0
        },
        "iterations": {
            "count": 17014,
            "rate": 340.2683560168571
        },
        "http_req_duration": {
            "p(90)": 195.6311,
            "p(95)": 200.76675,
            "avg": 117.4494196544018,
            "min": 2.16,
            "med": 103.12899999999999,
            "max": 694.469
        },
        "http_req_receiving": {
            "avg": 0.05264570353826198,
            "min": 0.005,
            "med": 0.033,
            "max": 5.549,
            "p(90)": 0.084,
            "p(95)": 0.132
        },
        "http_req_blocked": {
            "p(95)": 0.009,
            "avg": 0.006041260138709272,
            "min": 0,
            "med": 0.003,
            "max": 4.683,
            "p(90)": 0.006
        },
        "http_req_tls_handshaking": {
            "med": 0,
            "max": 0,
            "p(90)": 0,
            "p(95)": 0,
            "avg": 0,
            "min": 0
        },
        "checks": {
            "passes": 17014,
            "fails": 0,
            "value": 1
        },
        "http_req_sending": {
            "avg": 0.016147290466673674,
            "min": 0.001,
            "med": 0.01,
            "max": 5.75,
            "p(90)": 0.024,
            "p(95)": 0.034
        },
        "http_reqs": {
            "count": 17014,
            "rate": 340.2683560168571
        }
    }
}