{
    "metrics": {
        "http_req_tls_handshaking": {
            "avg": 0,
            "min": 0,
            "med": 0,
            "max": 0,
            "p(90)": 0,
            "p(95)": 0
        },
        "http_req_duration": {
            "avg": 110.05456297111401,
            "min": 2.246,
            "med": 102.585,
            "max": 392.198,
            "p(90)": 191.285,
            "p(95)": 195.5563
        },
        "http_req_failed": {
            "passes": 0,
            "fails": 18175,
            "value": 0
        },
        "vus": {
            "value": 1,
            "min": 1,
            "max": 50
        },
        "checks": {
            "passes": 18175,
            "fails": 0,
            "value": 1
        },
        "vus_max": {
            "value": 50,
            "min": 50,
            "max": 50
        },
        "http_reqs": {
            "count": 18175,
            "rate": 363.493333532263
        },
        "http_req_connecting": {
            "avg": 0.000992022008253095,
            "min": 0,
            "med": 0,
            "max": 1.323,
            "p(90)": 0,
            "p(95)": 0
        },
        "iteration_duration": {
            "med": 102.730583,
            "max": 392.362083,
            "p(90)": 191.478808,
            "p(95)": 195.7638543,
            "avg": 110.21685252154015,
            "min": 2.34375
        },
        "iterations": {
            "count": 18175,
            "rate": 363.493333532263
        },
        "success_total": {
            "count": 18175,
            "rate": 363.493333532263
        },
        "http_req_blocked": {
            "avg": 0.005922035763411194,
            "min": 0,
            "med": 0.003,
            "max": 1.981,
            "p(90)": 0.006,
            "p(95)": 0.009
        },
        "http_req_duration{expected_response:true}": {
            "avg": 110.05456297111401,
            "min": 2.246,
            "med": 102.585,
            "max": 392.198,
            "p(90)": 191.285,
            "p(95)": 195.5563
        },
        "http_req_receiving": {
            "p(90)": 0.0876000000000004,
            "p(95)": 0.134,
            "avg": 0.053293039889958,
            "min": 0.005,
            "med": 0.035,
            "max": 6.259
        },
        "data_sent": {
            "count": 1889608,
            "rate": 37791.46690449697
        },
        "http_req_waiting": {
            "p(90)": 191.2118,
            "p(95)": 195.498,
            "avg": 109.9837206602479,
            "min": 2.199,
            "med": 102.536,
            "max": 392.159
        },
        "data_received": {
            "count": 18940908,
            "rate": 378811.2126023609
        },
        "http_req_sending": {
            "p(90)": 0.025,
            "p(95)": 0.035,
            "avg": 0.017549270976615308,
            "min": 0.001,
            "med": 0.011,
            "max": 3.308
        }
    },
    "root_group": {
        "name": "",
        "path": "",
        "id": "d41d8cd98f00b204e9800998ecf8427e",
        "groups": {},
        "checks": {
                "GET /orders?user_id 200": {
                    "name": "GET /orders?user_id 200",
                    "path": "::GET /orders?user_id 200",
                    "id": "ab0b46c92b84870e38e5a604ac36187b",
                    "passes": 5514,
                    "fails": 0
                },
                "POST /orders 201": {
                    "passes": 3601,
                    "fails": 0,
                    "name": "POST /orders 201",
                    "path": "::POST /orders 201",
                    "id": "4b499a5302314fdd343249234e5fd479"
                },
                "GET /orders/:id 200": {
                    "fails": 0,
                    "name": "GET /orders/:id 200",
                    "path": "::GET /orders/:id 200",
                    "id": "ca384c3a859ffb946ea1d7d59aff1eec",
                    "passes": 9060
                }
            }
    }
}