{
    "metrics": {
        "success_total": {
            "count": 10161,
            "rate": 203.12788150573715
        },
        "vus_max": {
            "value": 10,
            "min": 10,
            "max": 10
        },
        "http_req_connecting": {
            "p(90)": 0,
            "p(95)": 0,
            "avg": 0.00034110815864580256,
            "min": 0,
            "med": 0,
            "max": 0.484
        },
        "http_req_failed": {
            "passes": 0,
            "fails": 10161,
            "value": 0
        },
        "http_req_tls_handshaking": {
            "p(90)": 0,
            "p(95)": 0,
            "avg": 0,
            "min": 0,
            "med": 0,
            "max": 0
        },
        "http_req_receiving": {
            "p(90)": 0.101,
            "p(95)": 0.138,
            "avg": 0.06610973329396651,
            "min": 0.006,
            "med": 0.041,
            "max": 8.861
        },
        "http_req_duration{expected_response:true}": {
            "min": 2.679,
            "med": 10.376,
            "max": 289.886,
            "p(90)": 89.673,
            "p(95)": 93.478,
            "avg": 39.209243775218965
        },
        "http_req_waiting": {
            "p(90)": 89.579,
            "p(95)": 93.359,
            "avg": 39.12371085523075,
            "min": 2.633,
            "med": 10.298,
            "max": 289.655
        },
        "http_req_duration": {
            "max": 289.886,
            "p(90)": 89.673,
            "p(95)": 93.478,
            "avg": 39.209243775218965,
            "min": 2.679,
            "med": 10.376
        },
        "vus": {
            "value": 1,
            "min": 0,
            "max": 10
        },
        "http_req_sending": {
            "max": 7.685,
            "p(90)": 0.027,
            "p(95)": 0.037,
            "avg": 0.019423186694222657,
            "min": 0.002,
            "med": 0.012
        },
        "http_reqs": {
            "rate": 203.12788150573715,
            "count": 10161
        },
        "http_req_blocked": {
            "avg": 0.005411180001968496,
            "min": 0,
            "med": 0.003,
            "max": 2.012,
            "p(90)": 0.007,
            "p(95)": 0.009
        },
        "checks": {
            "passes": 10161,
            "fails": 0,
            "value": 1
        },
        "iterations": {
            "count": 10161,
            "rate": 203.12788150573715
        },
        "data_sent": {
            "count": 1051986,
            "rate": 21030.182812094714
        },
        "data_received": {
            "rate": 213375.47422244013,
            "count": 10673612
        },
        "iteration_duration": {
            "p(95)": 93.713,
            "avg": 39.386068080700824,
            "min": 2.78675,
            "med": 10.552542,
            "max": 290.2815,
            "p(90)": 89.840958
        }
    },
    "root_group": {
        "name": "",
        "path": "",
        "id": "d41d8cd98f00b204e9800998ecf8427e",
        "groups": {},
        "checks": {
                "GET /orders?user_id 200": {
                    "id": "ab0b46c92b84870e38e5a604ac36187b",
                    "passes": 3029,
                    "fails": 0,
                    "name": "GET /orders?user_id 200",
                    "path": "::GET /orders?user_id 200"
                },
                "GET /orders/:id 200": {
                    "passes": 5160,
                    "fails": 0,
                    "name": "GET /orders/:id 200",
                    "path": "::GET /orders/:id 200",
                    "id": "ca384c3a859ffb946ea1d7d59aff1eec"
                },
                "POST /orders 201": {
                    "fails": 0,
                    "name": "POST /orders 201",
                    "path": "::POST /orders 201",
                    "id": "4b499a5302314fdd343249234e5fd479",
                    "passes": 1972
                }
            }
    }
}