{
    "metrics": {
        "http_req_connecting": {
            "p(95)": 0,
            "avg": 0.0009528567768383295,
            "min": 0,
            "med": 0,
            "max": 2.621,
            "p(90)": 0
        },
        "iteration_duration": {
            "avg": 34.14617743761216,
            "min": 2.682166,
            "med": 10.4205,
            "max": 212.515667,
            "p(90)": 86.1157332,
            "p(95)": 88.9565918
        },
        "iterations": {
            "count": 11709,
            "rate": 234.1611734416553
        },
        "http_reqs": {
            "count": 11709,
            "rate": 234.1611734416553
        },
        "http_req_sending": {
            "avg": 0.019803057477153704,
            "min": 0.001,
            "med": 0.012,
            "max": 5.437,
            "p(90)": 0.026,
            "p(95)": 0.037
        },
        "http_req_duration{expected_response:true}": {
            "max": 212.31,
            "p(90)": 85.9272,
            "p(95)": 88.7286,
            "avg": 33.97526338713815,
            "min": 2.659,
            "med": 10.246
        },
        "http_req_duration": {
            "avg": 33.97526338713815,
            "min": 2.659,
            "med": 10.246,
            "max": 212.31,
            "p(90)": 85.9272,
            "p(95)": 88.7286
        },
        "data_received": {
            "count": 12540043,
            "rate": 250780.69723194255
        },
        "vus_max": {
            "max": 10,
            "value": 10,
            "min": 10
        },
        "http_req_failed": {
            "passes": 0,
            "fails": 11709,
            "value": 0
        },
        "checks": {
            "passes": 11709,
            "fails": 0,
            "value": 1
        },
        "http_req_tls_handshaking": {
            "min": 0,
            "med": 0,
            "max": 0,
            "p(90)": 0,
            "p(95)": 0,
            "avg": 0
        },
        "http_req_waiting": {
            "avg": 33.89609215133653,
            "min": 2.612,
            "med": 10.164,
            "max": 212.202,
            "p(90)": 85.8382,
            "p(95)": 88.6496
        },
        "http_req_receiving": {
            "avg": 0.05936817832436556,
            "min": 0.005,
            "med": 0.04,
            "max": 5.06,
            "p(90)": 0.094,
            "p(95)": 0.125
        },
        "vus": {
            "max": 10,
            "value": 1,
            "min": 0
        },
        "http_req_blocked": {
            "avg": 0.006619096421556245,
            "min": 0,
            "med": 0.003,
            "max": 2.981,
            "p(90)": 0.007,
            "p(95)": 0.008
        },
        "data_sent": {
            "count": 1215091,
            "rate": 24299.866290750226
        },
        "success_total": {
            "count": 11709,
            "rate": 234.1611734416553
        }
    },
    "root_group": {
        "path": "",
        "id": "d41d8cd98f00b204e9800998ecf8427e",
        "groups": {},
        "checks": {
                "POST /orders 201": {
                    "id": "4b499a5302314fdd343249234e5fd479",
                    "passes": 2290,
                    "fails": 0,
                    "name": "POST /orders 201",
                    "path": "::POST /orders 201"
                },
                "GET /orders/:id 200": {
                    "name": "GET /orders/:id 200",
                    "path": "::GET /orders/:id 200",
                    "id": "ca384c3a859ffb946ea1d7d59aff1eec",
                    "passes": 5838,
                    "fails": 0
                },
                "GET /orders?user_id 200": {
                    "name": "GET /orders?user_id 200",
                    "path": "::GET /orders?user_id 200",
                    "id": "ab0b46c92b84870e38e5a604ac36187b",
                    "passes": 3581,
                    "fails": 0
                }
            },
        "name": ""
    }
}