{
    "root_group": {
        "name": "",
        "path": "",
        "id": "d41d8cd98f00b204e9800998ecf8427e",
        "groups": {},
        "checks": {
                "GET /orders/:id 200": {
                    "id": "ca384c3a859ffb946ea1d7d59aff1eec",
                    "passes": 8471,
                    "fails": 0,
                    "name": "GET /orders/:id 200",
                    "path": "::GET /orders/:id 200"
                },
                "GET /orders?user_id 200": {
                    "passes": 5142,
                    "fails": 0,
                    "name": "GET /orders?user_id 200",
                    "path": "::GET /orders?user_id 200",
                    "id": "ab0b46c92b84870e38e5a604ac36187b"
                },
                "POST /orders 201": {
                    "name": "POST /orders 201",
                    "path": "::POST /orders 201",
                    "id": "4b499a5302314fdd343249234e5fd479",
                    "passes": 3464,
                    "fails": 0
                }
            }
    },
    "metrics": {
        "data_received": {
            "count": 18624112,
            "rate": 372465.8961964749
        },
        "vus": {
            "value": 1,
            "min": 1,
            "max": 50
        },
        "http_req_failed": {
            "passes": 0,
            "fails": 17077,
            "value": 0
        },
        "vus_max": {
            "min": 50,
            "max": 50,
            "value": 50
        },
        "http_req_waiting": {
            "avg": 116.94260748375017,
            "min": 4.168,
            "med": 108.197,
            "max": 275.589,
            "p(90)": 190.2768,
            "p(95)": 193.6644
        },
        "http_req_tls_handshaking": {
            "min": 0,
            "med": 0,
            "max": 0,
            "p(90)": 0,
            "p(95)": 0,
            "avg": 0
        },
        "http_req_blocked": {
            "avg": 0.006715699478831071,
            "min": 0,
            "med": 0.003,
            "max": 4.811,
            "p(90)": 0.006,
            "p(95)": 0.009
        },
        "http_req_receiving": {
            "min": 0.006,
            "med": 0.037,
            "max": 5.365,
            "p(90)": 0.092,
            "p(95)": 0.131,
            "avg": 0.05451911928324611
        },
        "http_req_duration": {
            "med": 108.266,
            "max": 275.788,
            "p(90)": 190.3568,
            "p(95)": 193.75220000000002,
            "avg": 117.01488774374897,
            "min": 4.256
        },
        "http_req_connecting": {
            "p(95)": 0,
            "avg": 0.0012939626398079287,
            "min": 0,
            "med": 0,
            "max": 1.281,
            "p(90)": 0
        },
        "checks": {
            "passes": 17077,
            "fails": 0,
            "value": 1
        },
        "iterations": {
            "count": 17077,
            "rate": 341.5250138823908
        },
        "http_req_sending": {
            "med": 0.011,
            "max": 8.487,
            "p(90)": 0.025,
            "p(95)": 0.035,
            "avg": 0.017761140715581603,
            "min": 0.002
        },
        "iteration_duration": {
            "avg": 117.18987505293717,
            "min": 4.461667,
            "med": 108.416416,
            "max": 276.058375,
            "p(90)": 190.5323,
            "p(95)": 193.9072668
        },
        "data_sent": {
            "rate": 35642.21601956106,
            "count": 1782189
        },
        "http_req_duration{expected_response:true}": {
            "max": 275.788,
            "p(90)": 190.3568,
            "p(95)": 193.75220000000002,
            "avg": 117.01488774374897,
            "min": 4.256,
            "med": 108.266
        },
        "success_total": {
            "count": 17077,
            "rate": 341.5250138823908
        },
        "http_reqs": {
            "count": 17077,
            "rate": 341.5250138823908
        }
    }
}