{
    "root_group": {
        "groups": {},
        "checks": {
                "GET /orders/:id 200": {
                    "name": "GET /orders/:id 200",
                    "path": "::GET /orders/:id 200",
                    "id": "ca384c3a859ffb946ea1d7d59aff1eec",
                    "passes": 8677,
                    "fails": 0
                },
                "GET /orders?user_id 200": {
                    "path": "::GET /orders?user_id 200",
                    "id": "ab0b46c92b84870e38e5a604ac36187b",
                    "passes": 5163,
                    "fails": 0,
                    "name": "GET /orders?user_id 200"
                },
                "POST /orders 201": {
                    "id": "4b499a5302314fdd343249234e5fd479",
                    "passes": 3527,
                    "fails": 0,
                    "name": "POST /orders 201",
                    "path": "::POST /orders 201"
                }
            },
        "name": "",
        "path": "",
        "id": "d41d8cd98f00b204e9800998ecf8427e"
    },
    "metrics": {
        "iterations": {
            "count": 17367,
            "rate": 347.31636859428085
        },
        "http_req_duration{expected_response:true}": {
            "p(95)": 1495.1247,
            "avg": 1162.605640755457,
            "min": 4.999,
            "med": 1393.617,
            "max": 1710.524,
            "p(90)": 1485.112
        },
        "http_req_receiving": {
            "avg": 0.05681879426498475,
            "min": 0.007,
            "med": 0.04,
            "max": 4.716,
            "p(90)": 0.092,
            "p(95)": 0.134
        },
        "http_req_failed": {
            "fails": 17367,
            "passes": 0,
            "value": 0
        },
        "checks": {
            "passes": 17367,
            "fails": 0,
            "value": 1
        },
        "http_reqs": {
            "count": 17367,
            "rate": 347.31636859428085
        },
        "http_req_blocked": {
            "avg": 0.022900788852419928,
            "min": 0,
            "med": 0.003,
            "max": 11.514,
            "p(90)": 0.008,
            "p(95)": 0.013
        },
        "http_req_connecting": {
            "p(90)": 0,
            "p(95)": 0,
            "avg": 0.013996430010940279,
            "min": 0,
            "med": 0,
            "max": 3.343
        },
        "data_sent": {
            "count": 1811793,
            "rate": 36233.394679825986
        },
        "http_req_tls_handshaking": {
            "avg": 0,
            "min": 0,
            "med": 0,
            "max": 0,
            "p(90)": 0,
            "p(95)": 0
        },
        "http_req_sending": {
            "max": 2.253,
            "p(90)": 0.028,
            "p(95)": 0.051,
            "avg": 0.019054010479644,
            "min": 0.002,
            "med": 0.012
        },
        "data_received": {
            "count": 18754782,
            "rate": 375070.1202290196
        },
        "http_req_duration": {
            "p(90)": 1485.112,
            "p(95)": 1495.1247,
            "avg": 1162.605640755457,
            "min": 4.999,
            "med": 1393.617,
            "max": 1710.524
        },
        "iteration_duration": {
            "p(95)": 1495.33505,
            "avg": 1162.811862412105,
            "min": 5.295708,
            "med": 1393.808167,
            "max": 1711.47225,
            "p(90)": 1485.2967502
        },
        "success_total": {
            "count": 17367,
            "rate": 347.31636859428085
        },
        "vus_max": {
            "value": 500,
            "min": 500,
            "max": 500
        },
        "vus": {
            "min": 2,
            "max": 500,
            "value": 2
        },
        "http_req_waiting": {
            "avg": 1162.5297679507178,
            "min": 4.862,
            "med": 1393.573,
            "max": 1710.342,
            "p(90)": 1484.9833999999998,
            "p(95)": 1495.0488
        }
    }
}