{
    "root_group": {
        "id": "d41d8cd98f00b204e9800998ecf8427e",
        "groups": {},
        "checks": {
                "GET /orders/:id 200": {
                    "path": "::GET /orders/:id 200",
                    "id": "ca384c3a859ffb946ea1d7d59aff1eec",
                    "passes": 8585,
                    "fails": 0,
                    "name": "GET /orders/:id 200"
                },
                "GET /orders?user_id 200": {
                    "name": "GET /orders?user_id 200",
                    "path": "::GET /orders?user_id 200",
                    "id": "ab0b46c92b84870e38e5a604ac36187b",
                    "passes": 5110,
                    "fails": 0
                },
                "POST /orders 201": {
                    "name": "POST /orders 201",
                    "path": "::POST /orders 201",
                    "id": "4b499a5302314fdd343249234e5fd479",
                    "passes": 3445,
                    "fails": 0
                }
            },
        "name": "",
        "path": ""
    },
    "metrics": {
        "vus_max": {
            "value": 50,
            "min": 50,
            "max": 50
        },
        "http_req_duration": {
            "min": 4.483,
            "med": 107.8375,
            "max": 393.805,
            "p(90)": 190.5925,
            "p(95)": 194.2293,
            "avg": 116.6825541423573
        },
        "http_req_waiting": {
            "p(90)": 190.5062,
            "p(95)": 194.18605,
            "avg": 116.61113588098043,
            "min": 4.429,
            "med": 107.769,
            "max": 393.615
        },
        "iteration_duration": {
            "min": 4.587708,
            "med": 107.999521,
            "max": 395.098917,
            "p(90)": 190.77625840000002,
            "p(95)": 194.41851875,
            "avg": 116.84886949836651
        },
        "vus": {
            "value": 1,
            "min": 1,
            "max": 50
        },
        "iterations": {
            "rate": 342.7828197250754,
            "count": 17140
        },
        "http_req_duration{expected_response:true}": {
            "max": 393.805,
            "p(90)": 190.5925,
            "p(95)": 194.2293,
            "avg": 116.6825541423573,
            "min": 4.483,
            "med": 107.8375
        },
        "success_total": {
            "count": 17140,
            "rate": 342.7828197250754
        },
        "data_received": {
            "count": 18550306,
            "rate": 370987.5261051916
        },
        "http_req_blocked": {
            "p(90)": 0.006,
            "p(95)": 0.009,
            "avg": 0.006167386231038584,
            "min": 0,
            "med": 0.003,
            "max": 2.968
        },
        "http_req_tls_handshaking": {
            "p(95)": 0,
            "avg": 0,
            "min": 0,
            "med": 0,
            "max": 0,
            "p(90)": 0
        },
        "checks": {
            "passes": 17140,
            "fails": 0,
            "value": 1
        },
        "http_req_connecting": {
            "avg": 0.00115828471411902,
            "min": 0,
            "med": 0,
            "max": 2.861,
            "p(90)": 0,
            "p(95)": 0
        },
        "http_req_sending": {
            "avg": 0.017121586931154457,
            "min": 0.002,
            "med": 0.011,
            "max": 4.892,
            "p(90)": 0.024,
            "p(95)": 0.034
        },
        "http_reqs": {
            "count": 17140,
            "rate": 342.7828197250754
        },
        "http_req_receiving": {
            "min": 0.005,
            "med": 0.037,
            "max": 7.71,
            "p(90)": 0.089,
            "p(95)": 0.129,
            "avg": 0.054296674445740406
        },
        "http_req_failed": {
            "passes": 0,
            "fails": 17140,
            "value": 0
        },
        "data_sent": {
            "count": 1785135,
            "rate": 35700.9106703572
        }
    }
}