{
    "root_group": {
        "path": "",
        "id": "d41d8cd98f00b204e9800998ecf8427e",
        "groups": {},
        "checks": {
                "GET /orders/:id 200": {
                    "name": "GET /orders/:id 200",
                    "path": "::GET /orders/:id 200",
                    "id": "ca384c3a859ffb946ea1d7d59aff1eec",
                    "passes": 45353,
                    "fails": 0
                },
                "GET /orders?user_id 200": {
                    "name": "GET /orders?user_id 200",
                    "path": "::GET /orders?user_id 200",
                    "id": "ab0b46c92b84870e38e5a604ac36187b",
                    "passes": 26561,
                    "fails": 0
                },
                "POST /orders 201": {
                    "name": "POST /orders 201",
                    "path": "::POST /orders 201",
                    "id": "4b499a5302314fdd343249234e5fd479",
                    "passes": 18167,
                    "fails": 0
                }
            },
        "name": ""
    },
    "metrics": {
        "http_req_sending": {
            "avg": 0.014785481955130485,
            "min": 0.001,
            "med": 0.008,
            "max": 12.815,
            "p(90)": 0.02,
            "p(95)": 0.033
        },
        "success_total": {
            "count": 90081,
            "rate": 1801.5003083195154
        },
        "http_reqs": {
            "count": 90081,
            "rate": 1801.5003083195154
        },
        "checks": {
            "passes": 90081,
            "fails": 0,
            "value": 1
        },
        "vus_max": {
            "value": 500,
            "min": 500,
            "max": 500
        },
        "http_req_receiving": {
            "p(95)": 0.12,
            "avg": 0.04960847459508394,
            "min": 0.004,
            "med": 0.029,
            "max": 11.443,
            "p(90)": 0.074
        },
        "iterations": {
            "count": 90081,
            "rate": 1801.5003083195154
        },
        "http_req_failed": {
            "fails": 90081,
            "passes": 0,
            "value": 0
        },
        "http_req_duration": {
            "min": 1.957,
            "med": 217.628,
            "max": 635.471,
            "p(90)": 376.281,
            "p(95)": 403.871,
            "avg": 222.28303264839624
        },
        "data_sent": {
            "rate": 187657.8920096549,
            "count": 9383518
        },
        "http_req_connecting": {
            "p(95)": 0,
            "avg": 0.0033909703489082036,
            "min": 0,
            "med": 0,
            "max": 12.338,
            "p(90)": 0
        },
        "http_req_waiting": {
            "max": 635.454,
            "p(90)": 376.167,
            "p(95)": 403.821,
            "avg": 222.21863869184335,
            "min": 1.935,
            "med": 217.571
        },
        "iteration_duration": {
            "avg": 222.43542582597888,
            "min": 1.994458,
            "med": 217.756792,
            "max": 635.522,
            "p(90)": 376.452625,
            "p(95)": 404.008792
        },
        "http_req_duration{expected_response:true}": {
            "med": 217.628,
            "max": 635.471,
            "p(90)": 376.281,
            "p(95)": 403.871,
            "avg": 222.28303264839624,
            "min": 1.957
        },
        "http_req_tls_handshaking": {
            "p(95)": 0,
            "avg": 0,
            "min": 0,
            "med": 0,
            "max": 0,
            "p(90)": 0
        },
        "http_req_blocked": {
            "p(95)": 0.007,
            "avg": 0.00804897814188815,
            "min": 0,
            "med": 0.002,
            "max": 12.406,
            "p(90)": 0.005
        },
        "data_received": {
            "count": 91947507,
            "rate": 1838827.9682697882
        },
        "vus": {
            "max": 500,
            "value": 2,
            "min": 2
        }
    }
}