{
    "metrics": {
        "checks": {
            "passes": 77177,
            "fails": 0,
            "value": 1
        },
        "http_req_connecting": {
            "avg": 0.0002556201977273022,
            "min": 0,
            "med": 0,
            "max": 1.458,
            "p(90)": 0,
            "p(95)": 0
        },
        "http_reqs": {
            "rate": 1543.492059136643,
            "count": 77177
        },
        "http_req_waiting": {
            "avg": 25.691590305401874,
            "min": 1.772,
            "med": 21.864,
            "max": 136.546,
            "p(90)": 49.224,
            "p(95)": 57.313
        },
        "http_req_receiving": {
            "med": 0.03,
            "max": 12.858,
            "p(90)": 0.072,
            "p(95)": 0.11019999999999658,
            "avg": 0.052428936081990965,
            "min": 0.004
        },
        "vus": {
            "max": 50,
            "value": 1,
            "min": 1
        },
        "http_req_sending": {
            "max": 6.476,
            "p(90)": 0.021,
            "p(95)": 0.031,
            "avg": 0.01601950062842359,
            "min": 0.001,
            "med": 0.009
        },
        "data_sent": {
            "count": 8029110,
            "rate": 160577.21247178063
        },
        "success_total": {
            "count": 77177,
            "rate": 1543.492059136643
        },
        "data_received": {
            "count": 80140090,
            "rate": 1602752.0185223047
        },
        "http_req_duration": {
            "max": 136.775,
            "p(90)": 49.3008,
            "p(95)": 57.38879999999998,
            "avg": 25.760038742112386,
            "min": 1.806,
            "med": 21.93
        },
        "http_req_duration{expected_response:true}": {
            "p(90)": 49.3008,
            "p(95)": 57.38879999999998,
            "avg": 25.760038742112386,
            "min": 1.806,
            "med": 21.93,
            "max": 136.775
        },
        "iterations": {
            "rate": 1543.492059136643,
            "count": 77177
        },
        "http_req_failed": {
            "passes": 0,
            "fails": 77177,
            "value": 0
        },
        "iteration_duration": {
            "avg": 25.907038986122682,
            "min": 1.856334,
            "med": 22.086042,
            "max": 136.855666,
            "p(90)": 49.4555996,
            "p(95)": 57.5573248
        },
        "vus_max": {
            "value": 50,
            "min": 50,
            "max": 50
        },
        "http_req_tls_handshaking": {
            "max": 0,
            "p(90)": 0,
            "p(95)": 0,
            "avg": 0,
            "min": 0,
            "med": 0
        },
        "http_req_blocked": {
            "avg": 0.004663746971246553,
            "min": 0,
            "med": 0.003,
            "max": 6.545,
            "p(90)": 0.005,
            "p(95)": 0.007
        }
    },
    "root_group": {
        "name": "",
        "path": "",
        "id": "d41d8cd98f00b204e9800998ecf8427e",
        "groups": {},
        "checks": {
                "POST /orders 201": {
                    "fails": 0,
                    "name": "POST /orders 201",
                    "path": "::POST /orders 201",
                    "id": "4b499a5302314fdd343249234e5fd479",
                    "passes": 15371
                },
                "GET /orders?user_id 200": {
                    "name": "GET /orders?user_id 200",
                    "path": "::GET /orders?user_id 200",
                    "id": "ab0b46c92b84870e38e5a604ac36187b",
                    "passes": 23278,
                    "fails": 0
                },
                "GET /orders/:id 200": {
                    "fails": 0,
                    "name": "GET /orders/:id 200",
                    "path": "::GET /orders/:id 200",
                    "id": "ca384c3a859ffb946ea1d7d59aff1eec",
                    "passes": 38528
                }
            }
    }
}