{
    "metrics": {
        "http_req_connecting": {
            "avg": 0.000053614154868403006,
            "min": 0,
            "med": 0,
            "max": 0.573,
            "p(90)": 0,
            "p(95)": 0
        },
        "data_received": {
            "count": 68123492,
            "rate": 1362414.117262604
        },
        "http_req_sending": {
            "max": 4.448,
            "p(90)": 0.02,
            "p(95)": 0.028,
            "avg": 0.014211759147779071,
            "min": 0.001,
            "med": 0.009
        },
        "http_req_receiving": {
            "p(90)": 0.068,
            "p(95)": 0.093,
            "avg": 0.042390218998123945,
            "min": 0.003,
            "med": 0.029,
            "max": 5.193
        },
        "iterations": {
            "count": 65617,
            "rate": 1312.2863274892056
        },
        "http_reqs": {
            "count": 65617,
            "rate": 1312.2863274892056
        },
        "http_req_tls_handshaking": {
            "avg": 0,
            "min": 0,
            "med": 0,
            "max": 0,
            "p(90)": 0,
            "p(95)": 0
        },
        "http_req_failed": {
            "passes": 0,
            "fails": 65617,
            "value": 0
        },
        "iteration_duration": {
            "min": 1.734834,
            "med": 4.813,
            "max": 49.180209,
            "p(90)": 9.9215164,
            "p(95)": 14.573616599999998,
            "avg": 6.083562198408936
        },
        "vus": {
            "value": 1,
            "min": 0,
            "max": 10
        },
        "http_req_duration": {
            "p(90)": 9.746,
            "p(95)": 14.406399999999994,
            "avg": 5.958811481780627,
            "min": 1.708,
            "med": 4.694,
            "max": 49.088
        },
        "success_total": {
            "count": 65617,
            "rate": 1312.2863274892056
        },
        "http_req_waiting": {
            "p(90)": 9.6734,
            "p(95)": 14.318199999999997,
            "avg": 5.902209503634769,
            "min": 1.694,
            "med": 4.638,
            "max": 49.047
        },
        "http_req_blocked": {
            "avg": 0.004068869347881808,
            "min": 0,
            "med": 0.003,
            "max": 6.641,
            "p(90)": 0.005,
            "p(95)": 0.006
        },
        "vus_max": {
            "value": 10,
            "min": 10,
            "max": 10
        },
        "http_req_duration{expected_response:true}": {
            "avg": 5.958811481780627,
            "min": 1.708,
            "med": 4.694,
            "max": 49.088,
            "p(90)": 9.746,
            "p(95)": 14.406399999999994
        },
        "checks": {
            "passes": 65617,
            "fails": 0,
            "value": 1
        },
        "data_sent": {
            "count": 6822479,
            "rate": 136443.9994404229
        }
    },
    "root_group": {
        "groups": {},
        "checks": {
                "GET /orders/:id 200": {
                    "passes": 32807,
                    "fails": 0,
                    "name": "GET /orders/:id 200",
                    "path": "::GET /orders/:id 200",
                    "id": "ca384c3a859ffb946ea1d7d59aff1eec"
                },
                "GET /orders?user_id 200": {
                    "name": "GET /orders?user_id 200",
                    "path": "::GET /orders?user_id 200",
                    "id": "ab0b46c92b84870e38e5a604ac36187b",
                    "passes": 19786,
                    "fails": 0
                },
                "POST /orders 201": {
                    "path": "::POST /orders 201",
                    "id": "4b499a5302314fdd343249234e5fd479",
                    "passes": 13024,
                    "fails": 0,
                    "name": "POST /orders 201"
                }
            },
        "name": "",
        "path": "",
        "id": "d41d8cd98f00b204e9800998ecf8427e"
    }
}