{
    "root_group": {
        "groups": {},
        "checks": {
                "GET /orders/:id 200": {
                    "passes": 40333,
                    "fails": 0,
                    "name": "GET /orders/:id 200",
                    "path": "::GET /orders/:id 200",
                    "id": "ca384c3a859ffb946ea1d7d59aff1eec"
                },
                "GET /orders?user_id 200": {
                    "fails": 0,
                    "name": "GET /orders?user_id 200",
                    "path": "::GET /orders?user_id 200",
                    "id": "ab0b46c92b84870e38e5a604ac36187b",
                    "passes": 24273
                },
                "POST /orders 201": {
                    "id": "4b499a5302314fdd343249234e5fd479",
                    "passes": 16148,
                    "fails": 0,
                    "name": "POST /orders 201",
                    "path": "::POST /orders 201"
                }
            },
        "name": "",
        "path": "",
        "id": "d41d8cd98f00b204e9800998ecf8427e"
    },
    "metrics": {
        "vus": {
            "value": 1,
            "min": 1,
            "max": 100
        },
        "http_reqs": {
            "rate": 1615.0160776636462,
            "count": 80754
        },
        "iterations": {
            "count": 80754,
            "rate": 1615.0160776636462
        },
        "http_req_connecting": {
            "min": 0,
            "med": 0,
            "max": 7.82,
            "p(90)": 0,
            "p(95)": 0,
            "avg": 0.0007975456324144936
        },
        "http_req_blocked": {
            "med": 0.003,
            "max": 7.926,
            "p(90)": 0.005,
            "p(95)": 0.008,
            "avg": 0.005550969611410471,
            "min": 0
        },
        "http_req_waiting": {
            "avg": 49.307586422963546,
            "min": 1.8,
            "med": 47.340500000000006,
            "max": 210.102,
            "p(90)": 90.4047,
            "p(95)": 97.317
        },
        "data_received": {
            "count": 83634872,
            "rate": 1672631.2372556294
        },
        "http_req_failed": {
            "fails": 80754,
            "passes": 0,
            "value": 0
        },
        "iteration_duration": {
            "max": 210.469167,
            "p(90)": 90.6395206,
            "p(95)": 97.55261875,
            "avg": 49.531787097271135,
            "min": 1.899709,
            "med": 47.5683125
        },
        "http_req_receiving": {
            "avg": 0.0535254228892679,
            "min": 0.004,
            "med": 0.03,
            "max": 9.912,
            "p(90)": 0.075,
            "p(95)": 0.12
        },
        "success_total": {
            "count": 80754,
            "rate": 1615.0160776636462
        },
        "http_req_duration": {
            "med": 47.414,
            "max": 210.284,
            "p(90)": 90.482,
            "p(95)": 97.38669999999999,
            "avg": 49.37689267404758,
            "min": 1.835
        },
        "http_req_duration{expected_response:true}": {
            "avg": 49.37689267404758,
            "min": 1.835,
            "med": 47.414,
            "max": 210.284,
            "p(90)": 90.482,
            "p(95)": 97.38669999999999
        },
        "http_req_sending": {
            "p(95)": 0.032,
            "avg": 0.015780828194268813,
            "min": 0.001,
            "med": 0.009,
            "max": 9.852,
            "p(90)": 0.02
        },
        "checks": {
            "passes": 80754,
            "fails": 0,
            "value": 1
        },
        "data_sent": {
            "rate": 168112.14612125652,
            "count": 8405940
        },
        "http_req_tls_handshaking": {
            "p(90)": 0,
            "p(95)": 0,
            "avg": 0,
            "min": 0,
            "med": 0,
            "max": 0
        },
        "vus_max": {
            "max": 100,
            "value": 100,
            "min": 100
        }
    }
}