{
    "metrics": {
        "http_req_receiving": {
            "avg": 1.0809451364961555,
            "min": 0.009,
            "med": 0.08,
            "max": 92.891,
            "p(90)": 0.22580000000000008,
            "p(95)": 0.38639999999999985
        },
        "iteration_duration": {
            "med": 580.823625,
            "max": 1098.852792,
            "p(90)": 810.9387,
            "p(95)": 895.9288585999999,
            "avg": 532.2252359040563,
            "min": 4.537333
        },
        "http_req_duration": {
            "avg": 531.9702175987281,
            "min": 4.374,
            "med": 580.68,
            "max": 1098.581,
            "p(90)": 810.6466,
            "p(95)": 895.6786
        },
        "vus_max": {
            "value": 50,
            "min": 50,
            "max": 50
        },
        "data_received": {
            "count": 4472543,
            "rate": 89436.48219112295
        },
        "vus": {
            "value": 1,
            "min": 1,
            "max": 50
        },
        "http_req_sending": {
            "avg": 0.028062814736284473,
            "min": 0.002,
            "med": 0.019,
            "max": 3.341,
            "p(90)": 0.041,
            "p(95)": 0.058
        },
        "http_req_waiting": {
            "med": 580.363,
            "max": 1098.477,
            "p(90)": 806.2338000000001,
            "p(95)": 895.3696,
            "avg": 530.8612096474961,
            "min": 4.253
        },
        "http_req_duration{expected_response:true}": {
            "p(90)": 810.6466,
            "p(95)": 895.6786,
            "avg": 531.9702175987281,
            "min": 4.374,
            "med": 580.68,
            "max": 1098.581
        },
        "http_req_failed": {
            "passes": 0,
            "fails": 3773,
            "value": 0
        },
        "success_total": {
            "count": 3773,
            "rate": 75.447871000258
        },
        "http_reqs": {
            "count": 3773,
            "rate": 75.447871000258
        },
        "http_req_tls_handshaking": {
            "min": 0,
            "med": 0,
            "max": 0,
            "p(90)": 0,
            "p(95)": 0,
            "avg": 0
        },
        "data_sent": {
            "count": 394950,
            "rate": 7897.730360867187
        },
        "iterations": {
            "count": 3773,
            "rate": 75.447871000258
        },
        "http_req_connecting": {
            "med": 0,
            "max": 2.322,
            "p(90)": 0,
            "p(95)": 0,
            "avg": 0.007053008216273523,
            "min": 0
        },
        "http_req_blocked": {
            "p(90)": 0.011,
            "p(95)": 0.015,
            "avg": 0.017495361781076198,
            "min": 0,
            "med": 0.005,
            "max": 4.635
        },
        "checks": {
            "passes": 3773,
            "fails": 0,
            "value": 1
        }
    },
    "root_group": {
        "id": "d41d8cd98f00b204e9800998ecf8427e",
        "groups": {},
        "checks": {
                "GET /orders?user_id 200": {
                    "fails": 0,
                    "name": "GET /orders?user_id 200",
                    "path": "::GET /orders?user_id 200",
                    "id": "ab0b46c92b84870e38e5a604ac36187b",
                    "passes": 1192
                },
                "GET /orders/:id 200": {
                    "passes": 1811,
                    "fails": 0,
                    "name": "GET /orders/:id 200",
                    "path": "::GET /orders/:id 200",
                    "id": "ca384c3a859ffb946ea1d7d59aff1eec"
                },
                "POST /orders 201": {
                    "name": "POST /orders 201",
                    "path": "::POST /orders 201",
                    "id": "4b499a5302314fdd343249234e5fd479",
                    "passes": 770,
                    "fails": 0
                }
            },
        "name": "",
        "path": ""
    }
}