{
    "metrics": {
        "http_req_waiting": {
            "p(95)": 1700.9921,
            "avg": 1055.3063623036637,
            "min": 4.126,
            "med": 1115.5810000000001,
            "max": 1900.693,
            "p(90)": 1616.7983
        },
        "http_req_connecting": {
            "med": 0,
            "max": 3.999,
            "p(90)": 0,
            "p(95)": 0,
            "avg": 0.025707329842931937,
            "min": 0
        },
        "vus_max": {
            "value": 100,
            "min": 100,
            "max": 100
        },
        "vus": {
            "value": 1,
            "min": 1,
            "max": 100
        },
        "http_req_receiving": {
            "avg": 0.8078497382198931,
            "min": 0.009,
            "med": 0.076,
            "max": 93.737,
            "p(90)": 0.214,
            "p(95)": 0.35729999999999895
        },
        "data_sent": {
            "count": 398469,
            "rate": 7968.461555121156
        },
        "checks": {
            "passes": 3820,
            "fails": 0,
            "value": 1
        },
        "iterations": {
            "count": 3820,
            "rate": 76.39119515084691
        },
        "http_req_duration": {
            "avg": 1056.1478709424082,
            "min": 4.173,
            "med": 1115.6365,
            "max": 1900.897,
            "p(90)": 1617.3749,
            "p(95)": 1701.35825
        },
        "iteration_duration": {
            "avg": 1056.4188688620425,
            "min": 4.264458,
            "med": 1115.796021,
            "max": 1901.171458,
            "p(90)": 1617.5987792,
            "p(95)": 1701.6368502999999
        },
        "http_reqs": {
            "count": 3820,
            "rate": 76.39119515084691
        },
        "http_req_blocked": {
            "med": 0.005,
            "max": 4.113,
            "p(90)": 0.012,
            "p(95)": 0.017049999999999833,
            "avg": 0.0378246073298413,
            "min": 0
        },
        "http_req_tls_handshaking": {
            "max": 0,
            "p(90)": 0,
            "p(95)": 0,
            "avg": 0,
            "min": 0,
            "med": 0
        },
        "http_req_duration{expected_response:true}": {
            "p(90)": 1617.3749,
            "p(95)": 1701.35825,
            "avg": 1056.1478709424082,
            "min": 4.173,
            "med": 1115.6365,
            "max": 1900.897
        },
        "success_total": {
            "count": 3820,
            "rate": 76.39119515084691
        },
        "data_received": {
            "count": 4506604,
            "rate": 90121.69257371395
        },
        "http_req_sending": {
            "avg": 0.03365890052356062,
            "min": 0.002,
            "med": 0.018,
            "max": 3.555,
            "p(90)": 0.043,
            "p(95)": 0.069
        },
        "http_req_failed": {
            "passes": 0,
            "fails": 3820,
            "value": 0
        }
    },
    "root_group": {
        "name": "",
        "path": "",
        "id": "d41d8cd98f00b204e9800998ecf8427e",
        "groups": {},
        "checks": {
                "GET /orders/:id 200": {
                    "fails": 0,
                    "name": "GET /orders/:id 200",
                    "path": "::GET /orders/:id 200",
                    "id": "ca384c3a859ffb946ea1d7d59aff1eec",
                    "passes": 1856
                },
                "POST /orders 201": {
                    "name": "POST /orders 201",
                    "path": "::POST /orders 201",
                    "id": "4b499a5302314fdd343249234e5fd479",
                    "passes": 765,
                    "fails": 0
                },
                "GET /orders?user_id 200": {
                    "id": "ab0b46c92b84870e38e5a604ac36187b",
                    "passes": 1199,
                    "fails": 0,
                    "name": "GET /orders?user_id 200",
                    "path": "::GET /orders?user_id 200"
                }
            }
    }
}