{
    "metrics": {
        "vus_max": {
            "value": 10,
            "min": 10,
            "max": 10
        },
        "http_req_failed": {
            "passes": 0,
            "fails": 21743,
            "value": 0
        },
        "iterations": {
            "rate": 434.8513116707928,
            "count": 21743
        },
        "http_req_sending": {
            "avg": 0.015192751690198177,
            "min": 0.001,
            "med": 0.01,
            "max": 10.099,
            "p(90)": 0.023,
            "p(95)": 0.031
        },
        "http_req_duration{expected_response:true}": {
            "max": 98.577,
            "p(90)": 75.5352,
            "p(95)": 80.30279999999999,
            "avg": 18.251322402612367,
            "min": 1.792,
            "med": 5.11
        },
        "http_req_receiving": {
            "min": 0.004,
            "med": 0.031,
            "max": 4.428,
            "p(90)": 0.082,
            "p(95)": 0.122,
            "avg": 0.04750623189072264
        },
        "checks": {
            "passes": 21743,
            "fails": 0,
            "value": 1
        },
        "http_req_blocked": {
            "avg": 0.004609437520121404,
            "min": 0,
            "med": 0.003,
            "max": 2.248,
            "p(90)": 0.006,
            "p(95)": 0.008
        },
        "success_total": {
            "count": 21743,
            "rate": 434.8513116707928
        },
        "http_reqs": {
            "count": 21743,
            "rate": 434.8513116707928
        },
        "http_req_waiting": {
            "min": 1.772,
            "med": 5.054,
            "max": 98.541,
            "p(90)": 75.4654,
            "p(95)": 80.2379,
            "avg": 18.18862341903146
        },
        "vus": {
            "value": 1,
            "min": 0,
            "max": 10
        },
        "http_req_connecting": {
            "max": 1.403,
            "p(90)": 0,
            "p(95)": 0,
            "avg": 0.00024394057857701326,
            "min": 0,
            "med": 0
        },
        "data_received": {
            "count": 22590918,
            "rate": 451809.3328495297
        },
        "data_sent": {
            "count": 2266377,
            "rate": 45326.63437384521
        },
        "http_req_duration": {
            "avg": 18.251322402612367,
            "min": 1.792,
            "med": 5.11,
            "max": 98.577,
            "p(90)": 75.5352,
            "p(95)": 80.30279999999999
        },
        "http_req_tls_handshaking": {
            "max": 0,
            "p(90)": 0,
            "p(95)": 0,
            "avg": 0,
            "min": 0,
            "med": 0
        },
        "iteration_duration": {
            "avg": 18.38777306696412,
            "min": 1.827583,
            "med": 5.240958,
            "max": 98.668125,
            "p(90)": 75.7017828,
            "p(95)": 80.45723299999999
        }
    },
    "root_group": {
        "checks": {
            "GET /orders/:id 200": {
                "path": "::GET /orders/:id 200",
                "id": "ca384c3a859ffb946ea1d7d59aff1eec",
                "passes": 10798,
                "fails": 0,
                "name": "GET /orders/:id 200"
            },
            "GET /orders?user_id 200": {
                "passes": 6568,
                "fails": 0,
                "name": "GET /orders?user_id 200",
                "path": "::GET /orders?user_id 200",
                "id": "ab0b46c92b84870e38e5a604ac36187b"
            },
            "POST /orders 201": {
                "fails": 0,
                "name": "POST /orders 201",
                "path": "::POST /orders 201",
                "id": "4b499a5302314fdd343249234e5fd479",
                "passes": 4377
            }
        },
        "name": "",
        "path": "",
        "id": "d41d8cd98f00b204e9800998ecf8427e",
        "groups": {}
    }
}