{
    "root_group": {
        "name": "",
        "path": "",
        "id": "d41d8cd98f00b204e9800998ecf8427e",
        "groups": {},
        "checks": {
                "GET /orders?user_id 200": {
                    "path": "::GET /orders?user_id 200",
                    "id": "ab0b46c92b84870e38e5a604ac36187b",
                    "passes": 9721,
                    "fails": 0,
                    "name": "GET /orders?user_id 200"
                },
                "GET /orders/:id 200": {
                    "name": "GET /orders/:id 200",
                    "path": "::GET /orders/:id 200",
                    "id": "ca384c3a859ffb946ea1d7d59aff1eec",
                    "passes": 15969,
                    "fails": 0
                },
                "POST /orders 201": {
                    "id": "4b499a5302314fdd343249234e5fd479",
                    "passes": 6243,
                    "fails": 0,
                    "name": "POST /orders 201",
                    "path": "::POST /orders 201"
                }
            }
    },
    "metrics": {
        "iteration_duration": {
            "avg": 125.3608873548999,
            "min": 2.056583,
            "med": 114.320166,
            "max": 305.560083,
            "p(90)": 196.7462662,
            "p(95)": 202.6312
        },
        "http_req_sending": {
            "avg": 0.01667873359846978,
            "min": 0.001,
            "med": 0.009,
            "max": 10.389,
            "p(90)": 0.023,
            "p(95)": 0.033
        },
        "data_sent": {
            "count": 3312973,
            "rate": 66256.31945045805
        },
        "iterations": {
            "count": 31933,
            "rate": 638.6297289508477
        },
        "vus_max": {
            "value": 100,
            "min": 100,
            "max": 100
        },
        "http_req_blocked": {
            "avg": 0.008635674693889277,
            "min": 0,
            "med": 0.003,
            "max": 6.112,
            "p(90)": 0.006,
            "p(95)": 0.009
        },
        "http_req_duration": {
            "avg": 125.19406466664537,
            "min": 1.98,
            "med": 114.124,
            "max": 303.251,
            "p(90)": 196.5746,
            "p(95)": 202.3998
        },
        "vus": {
            "value": 1,
            "min": 1,
            "max": 100
        },
        "checks": {
            "passes": 31933,
            "fails": 0,
            "value": 1
        },
        "http_req_tls_handshaking": {
            "avg": 0,
            "min": 0,
            "med": 0,
            "max": 0,
            "p(90)": 0,
            "p(95)": 0
        },
        "http_reqs": {
            "count": 31933,
            "rate": 638.6297289508477
        },
        "success_total": {
            "rate": 638.6297289508477,
            "count": 31933
        },
        "http_req_waiting": {
            "avg": 125.12514527291526,
            "min": 1.942,
            "med": 114.081,
            "max": 303.202,
            "p(90)": 196.511,
            "p(95)": 202.3356
        },
        "http_req_connecting": {
            "min": 0,
            "med": 0,
            "max": 4.745,
            "p(90)": 0,
            "p(95)": 0,
            "avg": 0.0032021733003476023
        },
        "http_req_failed": {
            "passes": 0,
            "fails": 31933,
            "value": 0
        },
        "data_received": {
            "count": 33380744,
            "rate": 667583.2365545874
        },
        "http_req_receiving": {
            "med": 0.03,
            "max": 21.898,
            "p(90)": 0.082,
            "p(95)": 0.13,
            "avg": 0.05224066013215073,
            "min": 0.005
        },
        "http_req_duration{expected_response:true}": {
            "avg": 125.19406466664537,
            "min": 1.98,
            "med": 114.124,
            "max": 303.251,
            "p(90)": 196.5746,
            "p(95)": 202.3998
        }
    }
}