{
    "metrics": {
        "vus_max": {
            "value": 500,
            "min": 500,
            "max": 500
        },
        "http_req_blocked": {
            "p(90)": 0.004,
            "p(95)": 0.008,
            "avg": 0.010045001495063478,
            "min": 0,
            "med": 0.002,
            "max": 6.383
        },
        "iteration_duration": {
            "avg": 500.5141605375778,
            "min": 1.979667,
            "med": 505.3212495,
            "max": 1183.097208,
            "p(90)": 704.0519205,
            "p(95)": 794.57624985
        },
        "http_req_duration": {
            "med": 505.1855,
            "max": 1182.966,
            "p(90)": 703.8779000000001,
            "p(95)": 794.4299,
            "avg": 500.3688749875422,
            "min": 1.922
        },
        "vus": {
            "value": 3,
            "min": 3,
            "max": 500
        },
        "data_received": {
            "count": 41520712,
            "rate": 830231.8214641878
        },
        "http_req_waiting": {
            "max": 1182.929,
            "p(90)": 703.8276,
            "p(95)": 794.4017,
            "avg": 500.31160918967396,
            "min": 1.907,
            "med": 505.12850000000003
        },
        "http_req_failed": {
            "passes": 0,
            "fails": 40132,
            "value": 0
        },
        "checks": {
            "passes": 40132,
            "fails": 0,
            "value": 1
        },
        "http_req_duration{expected_response:true}": {
            "p(90)": 703.8779000000001,
            "p(95)": 794.4299,
            "avg": 500.3688749875422,
            "min": 1.922,
            "med": 505.1855,
            "max": 1182.966
        },
        "http_req_sending": {
            "min": 0.001,
            "med": 0.007,
            "max": 5.36,
            "p(90)": 0.018,
            "p(95)": 0.032,
            "avg": 0.013187556064982942
        },
        "http_req_connecting": {
            "med": 0,
            "max": 6.244,
            "p(90)": 0,
            "p(95)": 0,
            "avg": 0.005195928436160671,
            "min": 0
        },
        "http_reqs": {
            "count": 40132,
            "rate": 802.4636826796416
        },
        "iterations": {
            "count": 40132,
            "rate": 802.4636826796416
        },
        "http_req_receiving": {
            "med": 0.024,
            "max": 7.325,
            "p(90)": 0.065,
            "p(95)": 0.111,
            "avg": 0.04407824180205264,
            "min": 0.005
        },
        "success_total": {
            "rate": 802.4636826796416,
            "count": 40132
        },
        "data_sent": {
            "count": 4164310,
            "rate": 83267.90437605049
        },
        "http_req_tls_handshaking": {
            "med": 0,
            "max": 0,
            "p(90)": 0,
            "p(95)": 0,
            "avg": 0,
            "min": 0
        }
    },
    "root_group": {
        "name": "",
        "path": "",
        "id": "d41d8cd98f00b204e9800998ecf8427e",
        "groups": {},
        "checks": {
                "GET /orders/:id 200": {
                    "path": "::GET /orders/:id 200",
                    "id": "ca384c3a859ffb946ea1d7d59aff1eec",
                    "passes": 20199,
                    "fails": 0,
                    "name": "GET /orders/:id 200"
                },
                "GET /orders?user_id 200": {
                    "name": "GET /orders?user_id 200",
                    "path": "::GET /orders?user_id 200",
                    "id": "ab0b46c92b84870e38e5a604ac36187b",
                    "passes": 12051,
                    "fails": 0
                },
                "POST /orders 201": {
                    "id": "4b499a5302314fdd343249234e5fd479",
                    "passes": 7882,
                    "fails": 0,
                    "name": "POST /orders 201",
                    "path": "::POST /orders 201"
                }
            }
    }
}