{
    "metrics": {
        "http_req_receiving": {
            "p(90)": 0.117,
            "p(95)": 0.1534999999999998,
            "avg": 0.06428144485056944,
            "min": 0.007,
            "med": 0.047,
            "max": 3.549
        },
        "data_sent": {
            "count": 484017,
            "rate": 9680.080961033484
        },
        "iteration_duration": {
            "p(90)": 1200.096416,
            "p(95)": 1298.5460835,
            "avg": 867.661056941087,
            "min": 2.393541,
            "med": 999.307917,
            "max": 1504.15925
        },
        "iterations": {
            "count": 4651,
            "rate": 93.01751085140963
        },
        "http_reqs": {
            "count": 4651,
            "rate": 93.01751085140963
        },
        "http_req_duration{expected_response:true}": {
            "min": 2.298,
            "med": 999.127,
            "max": 1503.98,
            "p(90)": 1199.882,
            "p(95)": 1298.3149999999998,
            "avg": 867.45694947323
        },
        "vus": {
            "value": 1,
            "min": 1,
            "max": 100
        },
        "checks": {
            "passes": 4651,
            "fails": 0,
            "value": 1
        },
        "vus_max": {
            "value": 100,
            "min": 100,
            "max": 100
        },
        "success_total": {
            "count": 4651,
            "rate": 93.01751085140963
        },
        "http_req_duration": {
            "max": 1503.98,
            "p(90)": 1199.882,
            "p(95)": 1298.3149999999998,
            "avg": 867.45694947323,
            "min": 2.298,
            "med": 999.127
        },
        "http_req_blocked": {
            "min": 0,
            "med": 0.004,
            "max": 12.009,
            "p(90)": 0.009,
            "p(95)": 0.013,
            "avg": 0.018734035691249346
        },
        "http_req_failed": {
            "passes": 0,
            "fails": 4651,
            "value": 0
        },
        "data_received": {
            "count": 4670171,
            "rate": 93400.92059136498
        },
        "http_req_connecting": {
            "min": 0,
            "med": 0,
            "max": 1.38,
            "p(90)": 0,
            "p(95)": 0,
            "avg": 0.008516233068157384
        },
        "http_req_waiting": {
            "avg": 867.3721657708031,
            "min": 2.257,
            "med": 999.033,
            "max": 1503.913,
            "p(90)": 1199.806,
            "p(95)": 1298.231
        },
        "http_req_tls_handshaking": {
            "avg": 0,
            "min": 0,
            "med": 0,
            "max": 0,
            "p(90)": 0,
            "p(95)": 0
        },
        "http_req_sending": {
            "avg": 0.02050225757901564,
            "min": 0.002,
            "med": 0.014,
            "max": 2.359,
            "p(90)": 0.031,
            "p(95)": 0.044
        }
    },
    "root_group": {
        "id": "d41d8cd98f00b204e9800998ecf8427e",
        "groups": {},
        "checks": {
                "GET /orders/:id 200": {
                    "name": "GET /orders/:id 200",
                    "path": "::GET /orders/:id 200",
                    "id": "ca384c3a859ffb946ea1d7d59aff1eec",
                    "passes": 2402,
                    "fails": 0
                },
                "POST /orders 201": {
                    "fails": 0,
                    "name": "POST /orders 201",
                    "path": "::POST /orders 201",
                    "id": "4b499a5302314fdd343249234e5fd479",
                    "passes": 943
                },
                "GET /orders?user_id 200": {
                    "name": "GET /orders?user_id 200",
                    "path": "::GET /orders?user_id 200",
                    "id": "ab0b46c92b84870e38e5a604ac36187b",
                    "passes": 1306,
                    "fails": 0
                }
            },
        "name": "",
        "path": ""
    }
}