{
    "root_group": {
        "id": "d41d8cd98f00b204e9800998ecf8427e",
        "groups": {},
        "checks": {
                "GET /orders/:id 200": {
                    "name": "GET /orders/:id 200",
                    "path": "::GET /orders/:id 200",
                    "id": "ca384c3a859ffb946ea1d7d59aff1eec",
                    "passes": 2373,
                    "fails": 0
                },
                "POST /orders 201": {
                    "path": "::POST /orders 201",
                    "id": "4b499a5302314fdd343249234e5fd479",
                    "passes": 944,
                    "fails": 0,
                    "name": "POST /orders 201"
                },
                "GET /orders?user_id 200": {
                    "name": "GET /orders?user_id 200",
                    "path": "::GET /orders?user_id 200",
                    "id": "ab0b46c92b84870e38e5a604ac36187b",
                    "passes": 1489,
                    "fails": 0
                }
            },
        "name": "",
        "path": ""
    },
    "metrics": {
        "http_req_blocked": {
            "p(90)": 0.009,
            "p(95)": 0.011,
            "avg": 0.013540158135664004,
            "min": 0,
            "med": 0.004,
            "max": 7.51
        },
        "http_req_connecting": {
            "max": 7.392,
            "p(90)": 0,
            "p(95)": 0,
            "avg": 0.005987931751976697,
            "min": 0,
            "med": 0
        },
        "http_req_tls_handshaking": {
            "avg": 0,
            "min": 0,
            "med": 0,
            "max": 0,
            "p(90)": 0,
            "p(95)": 0
        },
        "http_req_failed": {
            "passes": 0,
            "fails": 4806,
            "value": 0
        },
        "data_received": {
            "count": 5191508,
            "rate": 103823.10833448192
        },
        "vus": {
            "max": 50,
            "value": 1,
            "min": 1
        },
        "success_total": {
            "count": 4806,
            "rate": 96.11347197298359
        },
        "checks": {
            "passes": 4806,
            "fails": 0,
            "value": 1
        },
        "data_sent": {
            "rate": 9986.601710011855,
            "count": 499364
        },
        "vus_max": {
            "value": 50,
            "min": 50,
            "max": 50
        },
        "iteration_duration": {
            "p(95)": 696.918042,
            "avg": 417.77051744132393,
            "min": 2.59375,
            "med": 472.924396,
            "max": 1199.85425,
            "p(90)": 601.743
        },
        "http_req_duration": {
            "p(95)": 696.659,
            "avg": 417.55852933832716,
            "min": 2.514,
            "med": 472.6965,
            "max": 1199.625,
            "p(90)": 601.5525
        },
        "http_req_duration{expected_response:true}": {
            "avg": 417.55852933832716,
            "min": 2.514,
            "med": 472.6965,
            "max": 1199.625,
            "p(90)": 601.5525,
            "p(95)": 696.659
        },
        "http_req_waiting": {
            "med": 472.55449999999996,
            "max": 1199.545,
            "p(90)": 601.4835,
            "p(95)": 696.57225,
            "avg": 417.4670478568462,
            "min": 2.469
        },
        "iterations": {
            "count": 4806,
            "rate": 96.11347197298359
        },
        "http_reqs": {
            "count": 4806,
            "rate": 96.11347197298359
        },
        "http_req_receiving": {
            "avg": 0.07062421972534311,
            "min": 0.01,
            "med": 0.05,
            "max": 6.304,
            "p(90)": 0.133,
            "p(95)": 0.165
        },
        "http_req_sending": {
            "max": 1.298,
            "p(90)": 0.034,
            "p(95)": 0.043,
            "avg": 0.020857261756138494,
            "min": 0.002,
            "med": 0.015
        }
    }
}