{
    "root_group": {
        "name": "",
        "path": "",
        "id": "d41d8cd98f00b204e9800998ecf8427e",
        "groups": {},
        "checks": {
                "GET /orders?user_id 200": {
                    "name": "GET /orders?user_id 200",
                    "path": "::GET /orders?user_id 200",
                    "id": "ab0b46c92b84870e38e5a604ac36187b",
                    "passes": 20727,
                    "fails": 0
                },
                "GET /orders/:id 200": {
                    "name": "GET /orders/:id 200",
                    "path": "::GET /orders/:id 200",
                    "id": "ca384c3a859ffb946ea1d7d59aff1eec",
                    "passes": 34930,
                    "fails": 0
                },
                "POST /orders 201": {
                    "fails": 0,
                    "name": "POST /orders 201",
                    "path": "::POST /orders 201",
                    "id": "4b499a5302314fdd343249234e5fd479",
                    "passes": 13980
                }
            }
    },
    "metrics": {
        "vus": {
            "value": 1,
            "min": 1,
            "max": 50
        },
        "checks": {
            "passes": 69637,
            "fails": 0,
            "value": 1
        },
        "http_reqs": {
            "rate": 1392.498735669058,
            "count": 69637
        },
        "http_req_connecting": {
            "avg": 0.0004377557907434267,
            "min": 0,
            "med": 0,
            "max": 2.176,
            "p(90)": 0,
            "p(95)": 0
        },
        "http_req_tls_handshaking": {
            "max": 0,
            "p(90)": 0,
            "p(95)": 0,
            "avg": 0,
            "min": 0,
            "med": 0
        },
        "http_req_failed": {
            "passes": 0,
            "fails": 69637,
            "value": 0
        },
        "iteration_duration": {
            "min": 2.036917,
            "med": 27.944625,
            "max": 228.305084,
            "p(90)": 48.9440588,
            "p(95)": 54.8372416,
            "avg": 28.707816379912774
        },
        "vus_max": {
            "max": 50,
            "value": 50,
            "min": 50
        },
        "http_req_blocked": {
            "med": 0.003,
            "max": 7.032,
            "p(90)": 0.005,
            "p(95)": 0.007,
            "avg": 0.005110846245528627,
            "min": 0
        },
        "http_req_sending": {
            "med": 0.009,
            "max": 21.78,
            "p(90)": 0.021,
            "p(95)": 0.03,
            "avg": 0.016811134885188657,
            "min": 0.001
        },
        "data_sent": {
            "count": 7250858,
            "rate": 144992.03867937843
        },
        "http_req_duration": {
            "min": 1.972,
            "med": 27.81,
            "max": 228.212,
            "p(90)": 48.7894,
            "p(95)": 54.68039999999999,
            "avg": 28.558795927452366
        },
        "http_req_receiving": {
            "avg": 0.05029919439378306,
            "min": 0.003,
            "med": 0.031,
            "max": 20.624,
            "p(90)": 0.073,
            "p(95)": 0.108
        },
        "iterations": {
            "count": 69637,
            "rate": 1392.498735669058
        },
        "http_req_duration{expected_response:true}": {
            "p(90)": 48.7894,
            "p(95)": 54.68039999999999,
            "avg": 28.558795927452366,
            "min": 1.972,
            "med": 27.81,
            "max": 228.212
        },
        "http_req_waiting": {
            "p(95)": 54.60459999999999,
            "avg": 28.49168559817301,
            "min": 1.929,
            "med": 27.737,
            "max": 228.169,
            "p(90)": 48.716
        },
        "success_total": {
            "count": 69637,
            "rate": 1392.498735669058
        },
        "data_received": {
            "count": 71581256,
            "rate": 1431377.119600258
        }
    }
}