{
    "metrics": {
        "vus_max": {
            "max": 10,
            "value": 10,
            "min": 10
        },
        "vus": {
            "value": 1,
            "min": 0,
            "max": 10
        },
        "http_req_duration{expected_response:true}": {
            "avg": 6.622918159216676,
            "min": 1.97,
            "med": 5.625,
            "max": 65.936,
            "p(90)": 10.682,
            "p(95)": 13.222699999999998
        },
        "http_req_connecting": {
            "avg": 0.000055017166438344584,
            "min": 0,
            "med": 0,
            "max": 0.435,
            "p(90)": 0,
            "p(95)": 0
        },
        "checks": {
            "passes": 59127,
            "fails": 0,
            "value": 1
        },
        "http_req_sending": {
            "avg": 0.014961455849271235,
            "min": 0.001,
            "med": 0.009,
            "max": 5.65,
            "p(90)": 0.02,
            "p(95)": 0.028
        },
        "iteration_duration": {
            "med": 5.753583,
            "max": 66.089583,
            "p(90)": 10.841208200000002,
            "p(95)": 13.407287599999998,
            "avg": 6.751436398312172,
            "min": 2.011458
        },
        "http_reqs": {
            "count": 59127,
            "rate": 1182.375768005824
        },
        "http_req_blocked": {
            "p(95)": 0.007,
            "avg": 0.004252879395199029,
            "min": 0,
            "med": 0.003,
            "max": 4.097,
            "p(90)": 0.005
        },
        "http_req_tls_handshaking": {
            "max": 0,
            "p(90)": 0,
            "p(95)": 0,
            "avg": 0,
            "min": 0,
            "med": 0
        },
        "data_received": {
            "count": 60616826,
            "rate": 1212168.1498439866
        },
        "http_req_waiting": {
            "avg": 6.56333512608446,
            "min": 1.93,
            "med": 5.566,
            "max": 65.834,
            "p(90)": 10.604200000000004,
            "p(95)": 13.133399999999995
        },
        "http_req_duration": {
            "max": 65.936,
            "p(90)": 10.682,
            "p(95)": 13.222699999999998,
            "avg": 6.622918159216676,
            "min": 1.97,
            "med": 5.625
        },
        "http_req_failed": {
            "passes": 0,
            "fails": 59127,
            "value": 0
        },
        "success_total": {
            "count": 59127,
            "rate": 1182.375768005824
        },
        "data_sent": {
            "count": 6167143,
            "rate": 123325.7300560952
        },
        "http_req_receiving": {
            "min": 0.004,
            "med": 0.029,
            "max": 9.041,
            "p(90)": 0.069,
            "p(95)": 0.096,
            "avg": 0.04462157728279601
        },
        "iterations": {
            "count": 59127,
            "rate": 1182.375768005824
        }
    },
    "root_group": {
        "groups": {},
        "checks": {
                "GET /orders/:id 200": {
                    "name": "GET /orders/:id 200",
                    "path": "::GET /orders/:id 200",
                    "id": "ca384c3a859ffb946ea1d7d59aff1eec",
                    "passes": 29592,
                    "fails": 0
                },
                "POST /orders 201": {
                    "fails": 0,
                    "name": "POST /orders 201",
                    "path": "::POST /orders 201",
                    "id": "4b499a5302314fdd343249234e5fd479",
                    "passes": 11998
                },
                "GET /orders?user_id 200": {
                    "name": "GET /orders?user_id 200",
                    "path": "::GET /orders?user_id 200",
                    "id": "ab0b46c92b84870e38e5a604ac36187b",
                    "passes": 17537,
                    "fails": 0
                }
            },
        "name": "",
        "path": "",
        "id": "d41d8cd98f00b204e9800998ecf8427e"
    }
}