{
    "metrics": {
        "iteration_duration": {
            "avg": 283.71269341065596,
            "min": 2.138542,
            "med": 298.735229,
            "max": 577.446667,
            "p(90)": 429.53529580000003,
            "p(95)": 445.512592
        },
        "vus": {
            "value": 2,
            "min": 2,
            "max": 500
        },
        "http_req_failed": {
            "passes": 0,
            "fails": 70660,
            "value": 0
        },
        "http_reqs": {
            "count": 70660,
            "rate": 1413.0934810134013
        },
        "http_req_blocked": {
            "p(90)": 0.005,
            "p(95)": 0.007,
            "avg": 0.008916855363711241,
            "min": 0,
            "med": 0.003,
            "max": 5.254
        },
        "checks": {
            "passes": 70660,
            "fails": 0,
            "value": 1
        },
        "iterations": {
            "count": 70660,
            "rate": 1413.0934810134013
        },
        "http_req_receiving": {
            "p(90)": 0.071,
            "p(95)": 0.102,
            "avg": 0.04643873478629925,
            "min": 0.005,
            "med": 0.031,
            "max": 12.582
        },
        "data_received": {
            "count": 73081623,
            "rate": 1461522.290449746
        },
        "http_req_duration{expected_response:true}": {
            "avg": 283.56776098216864,
            "min": 2.117,
            "med": 298.56600000000003,
            "max": 577.331,
            "p(90)": 429.3807,
            "p(95)": 445.3977499999999
        },
        "http_req_tls_handshaking": {
            "avg": 0,
            "min": 0,
            "med": 0,
            "max": 0,
            "p(90)": 0,
            "p(95)": 0
        },
        "vus_max": {
            "value": 500,
            "min": 500,
            "max": 500
        },
        "http_req_connecting": {
            "min": 0,
            "med": 0,
            "max": 5.153,
            "p(90)": 0,
            "p(95)": 0,
            "avg": 0.003987135578828188
        },
        "http_req_waiting": {
            "avg": 283.5067447778095,
            "min": 2.109,
            "med": 298.5165,
            "max": 577.272,
            "p(90)": 429.304,
            "p(95)": 445.35814999999997
        },
        "http_req_sending": {
            "p(90)": 0.02,
            "p(95)": 0.029,
            "avg": 0.014577469572597956,
            "min": 0.001,
            "med": 0.009,
            "max": 11.465
        },
        "success_total": {
            "count": 70660,
            "rate": 1413.0934810134013
        },
        "http_req_duration": {
            "avg": 283.56776098216864,
            "min": 2.117,
            "med": 298.56600000000003,
            "max": 577.331,
            "p(90)": 429.3807,
            "p(95)": 445.3977499999999
        },
        "data_sent": {
            "rate": 147282.93781214772,
            "count": 7364702
        }
    },
    "root_group": {
        "checks": {
            "GET /orders/:id 200": {
                "fails": 0,
                "name": "GET /orders/:id 200",
                "path": "::GET /orders/:id 200",
                "id": "ca384c3a859ffb946ea1d7d59aff1eec",
                "passes": 35219
            },
            "POST /orders 201": {
                "passes": 14239,
                "fails": 0,
                "name": "POST /orders 201",
                "path": "::POST /orders 201",
                "id": "4b499a5302314fdd343249234e5fd479"
            },
            "GET /orders?user_id 200": {
                "name": "GET /orders?user_id 200",
                "path": "::GET /orders?user_id 200",
                "id": "ab0b46c92b84870e38e5a604ac36187b",
                "passes": 21202,
                "fails": 0
            }
        },
        "name": "",
        "path": "",
        "id": "d41d8cd98f00b204e9800998ecf8427e",
        "groups": {}
    }
}