{
    "metrics": {
        "http_req_duration{expected_response:true}": {
            "avg": 10.828420220648846,
            "min": 3.614,
            "med": 10.0205,
            "max": 136.498,
            "p(90)": 15.867,
            "p(95)": 17.784149999999997
        },
        "data_received": {
            "count": 41882901,
            "rate": 837644.1821181114
        },
        "http_req_tls_handshaking": {
            "max": 0,
            "p(90)": 0,
            "p(95)": 0,
            "avg": 0,
            "min": 0,
            "med": 0
        },
        "http_req_failed": {
            "passes": 0,
            "fails": 36438,
            "value": 0
        },
        "http_req_duration": {
            "avg": 10.828420220648846,
            "min": 3.614,
            "med": 10.0205,
            "max": 136.498,
            "p(90)": 15.867,
            "p(95)": 17.784149999999997,
            "thresholds": {
                "p(95)<1000": false
            }
        },
        "http_req_blocked": {
            "min": 0,
            "med": 0.003,
            "max": 5.695,
            "p(90)": 0.006,
            "p(95)": 0.007,
            "avg": 0.004574318019649066
        },
        "checks": {
            "passes": 36438,
            "fails": 0,
            "value": 1
        },
        "data_sent": {
            "count": 3789081,
            "rate": 75780.36810831884
        },
        "iteration_duration": {
            "min": 3.75925,
            "med": 10.152229,
            "max": 142.05575,
            "p(90)": 16.036670700000002,
            "p(95)": 17.96141515,
            "avg": 10.963376790081794
        },
        "http_req_waiting": {
            "avg": 10.728431280531334,
            "min": 3.542,
            "med": 9.92,
            "max": 135.88,
            "p(90)": 15.765,
            "p(95)": 17.653449999999992
        },
        "http_req_receiving": {
            "p(95)": 0.246,
            "avg": 0.08539705801635619,
            "min": 0.004,
            "med": 0.045,
            "max": 7.995,
            "p(90)": 0.166
        },
        "vus": {
            "value": 1,
            "min": 0,
            "max": 10
        },
        "http_reqs": {
            "rate": 728.7479610836829,
            "count": 36438
        },
        "http_req_connecting": {
            "avg": 0.0001393600087820407,
            "min": 0,
            "med": 0,
            "max": 0.865,
            "p(90)": 0,
            "p(95)": 0
        },
        "http_req_sending": {
            "p(95)": 0.028,
            "avg": 0.014591882101102105,
            "min": 0.001,
            "med": 0.011,
            "max": 2.829,
            "p(90)": 0.022
        },
        "success_total": {
            "rate": 728.7479610836829,
            "count": 36438
        },
        "iterations": {
            "count": 36438,
            "rate": 728.7479610836829
        },
        "vus_max": {
            "value": 10,
            "min": 10,
            "max": 10
        }
    },
    "root_group": {
        "checks": {
            "POST /orders 201": {
                "fails": 0,
                "name": "POST /orders 201",
                "path": "::POST /orders 201",
                "id": "4b499a5302314fdd343249234e5fd479",
                "passes": 7238
            },
            "GET /orders/:id 200": {
                "name": "GET /orders/:id 200",
                "path": "::GET /orders/:id 200",
                "id": "ca384c3a859ffb946ea1d7d59aff1eec",
                "passes": 18216,
                "fails": 0
            },
            "GET /orders?user_id 200": {
                "name": "GET /orders?user_id 200",
                "path": "::GET /orders?user_id 200",
                "id": "ab0b46c92b84870e38e5a604ac36187b",
                "passes": 10984,
                "fails": 0
            }
        },
        "name": "",
        "path": "",
        "id": "d41d8cd98f00b204e9800998ecf8427e",
        "groups": {}
    }
}