{
    "metrics": {
        "http_req_duration{expected_response:true}": {
            "p(90)": 74.839,
            "p(95)": 79.84079999999999,
            "avg": 48.155788234441694,
            "min": 3.64,
            "med": 51.814,
            "max": 126.853
        },
        "http_req_connecting": {
            "p(90)": 0,
            "p(95)": 0,
            "avg": 0.0003670941099760921,
            "min": 0,
            "med": 0,
            "max": 0.525
        },
        "success_total": {
            "count": 41409,
            "rate": 828.1295006630496
        },
        "http_req_waiting": {
            "p(90)": 74.742,
            "p(95)": 79.722,
            "avg": 48.04663573136242,
            "min": 3.564,
            "med": 51.695,
            "max": 126.828
        },
        "vus": {
            "min": 1,
            "max": 50,
            "value": 1
        },
        "http_req_failed": {
            "passes": 0,
            "fails": 41409,
            "value": 0
        },
        "http_req_tls_handshaking": {
            "max": 0,
            "p(90)": 0,
            "p(95)": 0,
            "avg": 0,
            "min": 0,
            "med": 0
        },
        "data_received": {
            "count": 47018351,
            "rate": 940309.6799157187
        },
        "http_req_sending": {
            "p(90)": 0.023,
            "p(95)": 0.03,
            "avg": 0.016080320703227135,
            "min": 0.001,
            "med": 0.012,
            "max": 5.357
        },
        "http_req_receiving": {
            "min": 0.004,
            "med": 0.048,
            "max": 13.198,
            "p(90)": 0.162,
            "p(95)": 0.241,
            "avg": 0.09307218237581118
        },
        "iteration_duration": {
            "p(95)": 80.005125,
            "avg": 48.30232491335194,
            "min": 3.738583,
            "med": 51.938833,
            "max": 126.901375,
            "p(90)": 75.0185918
        },
        "http_req_duration": {
            "min": 3.64,
            "med": 51.814,
            "max": 126.853,
            "p(90)": 74.839,
            "p(95)": 79.84079999999999,
            "avg": 48.155788234441694,
            "thresholds": {
                "p(95)<1000": false
            }
        },
        "checks": {
            "passes": 41409,
            "fails": 0,
            "value": 1
        },
        "http_reqs": {
            "count": 41409,
            "rate": 828.1295006630496
        },
        "iterations": {
            "count": 41409,
            "rate": 828.1295006630496
        },
        "vus_max": {
            "max": 50,
            "value": 50,
            "min": 50
        },
        "http_req_blocked": {
            "med": 0.003,
            "max": 2.896,
            "p(90)": 0.006,
            "p(95)": 0.007,
            "avg": 0.004718273805210444,
            "min": 0
        },
        "data_sent": {
            "count": 4312422,
            "rate": 86243.18089082929
        }
    },
    "root_group": {
        "groups": {},
        "checks": {
                "GET /orders?user_id 200": {
                    "passes": 12268,
                    "fails": 0,
                    "name": "GET /orders?user_id 200",
                    "path": "::GET /orders?user_id 200",
                    "id": "ab0b46c92b84870e38e5a604ac36187b"
                },
                "GET /orders/:id 200": {
                    "path": "::GET /orders/:id 200",
                    "id": "ca384c3a859ffb946ea1d7d59aff1eec",
                    "passes": 20810,
                    "fails": 0,
                    "name": "GET /orders/:id 200"
                },
                "POST /orders 201": {
                    "path": "::POST /orders 201",
                    "id": "4b499a5302314fdd343249234e5fd479",
                    "passes": 8331,
                    "fails": 0,
                    "name": "POST /orders 201"
                }
            },
        "name": "",
        "path": "",
        "id": "d41d8cd98f00b204e9800998ecf8427e"
    }
}