{
    "root_group": {
        "name": "",
        "path": "",
        "id": "d41d8cd98f00b204e9800998ecf8427e",
        "groups": {},
        "checks": {
                "GET /orders?user_id 200": {
                    "name": "GET /orders?user_id 200",
                    "path": "::GET /orders?user_id 200",
                    "id": "ab0b46c92b84870e38e5a604ac36187b",
                    "passes": 3834,
                    "fails": 0
                },
                "GET /orders/:id 200": {
                    "id": "ca384c3a859ffb946ea1d7d59aff1eec",
                    "passes": 6027,
                    "fails": 0,
                    "name": "GET /orders/:id 200",
                    "path": "::GET /orders/:id 200"
                },
                "POST /orders 201": {
                    "name": "POST /orders 201",
                    "path": "::POST /orders 201",
                    "id": "4b499a5302314fdd343249234e5fd479",
                    "passes": 2459,
                    "fails": 0
                }
            }
    },
    "metrics": {
        "http_req_duration": {
            "p(95)": 288.18609999999995,
            "avg": 162.3109872564927,
            "min": 2.204,
            "med": 191.587,
            "max": 480.926,
            "p(90)": 220.14360000000002
        },
        "http_req_tls_handshaking": {
            "max": 0,
            "p(90)": 0,
            "p(95)": 0,
            "avg": 0,
            "min": 0,
            "med": 0
        },
        "http_req_receiving": {
            "avg": 0.05584139610389542,
            "min": 0.006,
            "med": 0.042,
            "max": 6.715,
            "p(90)": 0.089,
            "p(95)": 0.12
        },
        "http_req_blocked": {
            "avg": 0.00678725649350658,
            "min": 0,
            "med": 0.003,
            "max": 3.531,
            "p(90)": 0.007,
            "p(95)": 0.009
        },
        "vus_max": {
            "value": 50,
            "min": 50,
            "max": 50
        },
        "http_req_waiting": {
            "p(95)": 288.123,
            "avg": 162.2372042207779,
            "min": 2.168,
            "med": 191.5115,
            "max": 480.896,
            "p(90)": 220.06000000000003
        },
        "http_req_duration{expected_response:true}": {
            "med": 191.587,
            "max": 480.926,
            "p(90)": 220.14360000000002,
            "p(95)": 288.18609999999995,
            "avg": 162.3109872564927,
            "min": 2.204
        },
        "http_req_failed": {
            "passes": 0,
            "fails": 12320,
            "value": 0
        },
        "data_received": {
            "count": 13371180,
            "rate": 267407.11702530656
        },
        "http_req_sending": {
            "min": 0.001,
            "med": 0.013,
            "max": 4.714,
            "p(90)": 0.026,
            "p(95)": 0.033,
            "avg": 0.017941639610388933
        },
        "checks": {
            "passes": 12320,
            "fails": 0,
            "value": 1
        },
        "vus": {
            "min": 1,
            "max": 50,
            "value": 1
        },
        "http_req_connecting": {
            "avg": 0.0018530844155844161,
            "min": 0,
            "med": 0,
            "max": 3.421,
            "p(90)": 0,
            "p(95)": 0
        },
        "http_reqs": {
            "count": 12320,
            "rate": 246.38481284013653
        },
        "data_sent": {
            "count": 1283783,
            "rate": 25674.077449865992
        },
        "iterations": {
            "rate": 246.38481284013653,
            "count": 12320
        },
        "iteration_duration": {
            "max": 481.028292,
            "p(90)": 220.30391280000003,
            "p(95)": 288.33234615,
            "avg": 162.46865506323047,
            "min": 2.269958,
            "med": 191.7363755
        },
        "success_total": {
            "count": 12320,
            "rate": 246.38481284013653
        }
    }
}